init,optimizer,run,normalized_final_score
reduced-domain,COBYLA,14,0.9927629774354257
reduced-domain,COBYLA,11,0.9841704621009537
reduced-domain,COBYLA,1,0.9933464068346547
reduced-domain,COBYLA,7,0.964856183974771
reduced-domain,COBYLA,16,0.9895845576270974
reduced-domain,COBYLA,9,0.9588776763179359
reduced-domain,COBYLA,5,0.9837484929542482
reduced-domain,COBYLA,6,0.9793628765586124
reduced-domain,COBYLA,0,0.9844540485013147
reduced-domain,COBYLA,17,0.995190802072246
reduced-domain,COBYLA,2,0.9702099819040991
reduced-domain,COBYLA,18,0.911752593704944
reduced-domain,COBYLA,8,0.9873062960825699
reduced-domain,COBYLA,12,0.99560071744968
reduced-domain,COBYLA,13,0.9675943782487729
reduced-domain,COBYLA,15,0.9865142985657195
reduced-domain,COBYLA,19,0.9521766410864528
reduced-domain,COBYLA,3,0.9919788990270166
reduced-domain,COBYLA,4,0.9643878368350789
reduced-domain,COBYLA,10,0.9893303480591376
reduced-domain,COBYLA,20,0.9566966821653825
reduced-domain,COBYLA,22,0.9458847617655475
reduced-domain,COBYLA,21,0.9940523156201815
reduced-domain,COBYLA,24,0.9969728562099809
reduced-domain,COBYLA,23,0.996503952384406
reduced-domain,COBYLA,25,0.9948417573419768
reduced-domain,COBYLA,26,0.9922971255447103
reduced-domain,COBYLA,28,0.9832940948323005
reduced-domain,COBYLA,30,0.9665190685696885
reduced-domain,COBYLA,29,0.9987392947768372
reduced-domain,COBYLA,33,0.9775604268582317
reduced-domain,COBYLA,31,0.998048376328088
reduced-domain,COBYLA,32,0.9127348413014729
reduced-domain,COBYLA,27,0.9129644258342875
reduced-domain,COBYLA,34,0.9973175784648425
reduced-domain,COBYLA,35,0.9832264261466669
reduced-domain,COBYLA,37,0.9585368209764669
reduced-domain,COBYLA,36,0.9929631568370275
reduced-domain,COBYLA,38,0.942970093804743
reduced-domain,COBYLA,39,0.9705714914883335
reduced-domain,COBYLA,40,0.9777327624157761
reduced-domain,COBYLA,41,0.98608681984992
reduced-domain,COBYLA,42,0.9922269814960121
reduced-domain,COBYLA,43,0.997743831747433
reduced-domain,COBYLA,44,0.9572391813983502
reduced-domain,COBYLA,45,0.9797282243422917
reduced-domain,COBYLA,46,0.9911276853308709
reduced-domain,COBYLA,48,0.9796447344483925
reduced-domain,COBYLA,47,0.9855956258501273
reduced-domain,COBYLA,49,0.9859601565202395
reduced-domain,COBYLA,51,0.9984073046250791
reduced-domain,COBYLA,53,0.9983945256008302
reduced-domain,COBYLA,52,0.9948522240492752
reduced-domain,COBYLA,50,0.9544372705848271
reduced-domain,COBYLA,54,0.9951387442867625
reduced-domain,COBYLA,55,0.9915311734092538
reduced-domain,COBYLA,56,0.9934842135791431
reduced-domain,COBYLA,57,0.9980875697884483
reduced-domain,COBYLA,58,0.9881172031594998
reduced-domain,COBYLA,59,0.9841937039473939
reduced-domain,COBYLA,60,0.9456350032815056
reduced-domain,COBYLA,62,0.9916417583662567
reduced-domain,COBYLA,61,0.9904467112367417
reduced-domain,COBYLA,63,0.9885029099863489
reduced-domain,COBYLA,64,0.9520800719656254
reduced-domain,COBYLA,65,0.9917735576726339
reduced-domain,COBYLA,66,0.987676537632722
reduced-domain,COBYLA,67,0.9884112295651807
reduced-domain,COBYLA,68,0.9910108961361281
reduced-domain,COBYLA,70,0.9534905534571638
reduced-domain,COBYLA,71,0.997652088233341
reduced-domain,COBYLA,72,0.9746842411017614
reduced-domain,COBYLA,69,0.9732832248107252
reduced-domain,COBYLA,73,0.999060178867075
reduced-domain,COBYLA,74,0.9947568510147464
reduced-domain,COBYLA,75,0.943611674288563
reduced-domain,COBYLA,76,0.9939026373321452
reduced-domain,COBYLA,77,0.997371688027867
reduced-domain,COBYLA,78,0.962520880151254
reduced-domain,COBYLA,79,0.9914144825645588
reduced-domain,COBYLA,80,0.9637459540701929
reduced-domain,COBYLA,81,0.9848908120217781
reduced-domain,COBYLA,82,0.9847027240084644
reduced-domain,COBYLA,83,0.9503702058600011
reduced-domain,COBYLA,84,0.9932228011435211
reduced-domain,COBYLA,85,0.9987799020529866
reduced-domain,COBYLA,86,0.9899209099418446
reduced-domain,COBYLA,88,0.9955715364603439
reduced-domain,COBYLA,87,0.9982441020977708
reduced-domain,COBYLA,89,0.9896947007172874
reduced-domain,COBYLA,92,0.9916553924138414
reduced-domain,COBYLA,90,0.9784804923717664
reduced-domain,COBYLA,91,0.976617784649083
reduced-domain,COBYLA,93,0.9974224581874019
reduced-domain,COBYLA,94,0.9646472622286263
reduced-domain,COBYLA,95,0.980348316878201
reduced-domain,COBYLA,96,0.9668910358675935
reduced-domain,COBYLA,97,0.9979150828419393
reduced-domain,COBYLA,98,0.9949401425473692
reduced-domain,COBYLA,99,0.986957714839624
reduced-domain,Powell,0,0.9999917853505387
reduced-domain,Powell,16,0.9999733659885253
reduced-domain,Powell,13,0.9999909114313588
reduced-domain,Powell,6,0.9999883709363935
reduced-domain,Powell,3,0.9999841994454268
reduced-domain,Powell,5,0.9999893584763947
reduced-domain,Powell,12,0.9999745426862217
reduced-domain,Powell,8,0.9999848179916467
reduced-domain,Powell,2,0.9999915219301864
reduced-domain,Powell,11,0.9999911802267096
reduced-domain,Powell,10,0.999990172629964
reduced-domain,Powell,19,0.9999889048716025
reduced-domain,Powell,15,0.9999795078844933
reduced-domain,Powell,17,0.9999832855617224
reduced-domain,Powell,9,0.9999917868314561
reduced-domain,Powell,4,0.9999867635311342
reduced-domain,Powell,18,0.9999895158966018
reduced-domain,Powell,1,0.9999771251335446
reduced-domain,Powell,14,0.9999692094023048
reduced-domain,Powell,20,0.9999796591148918
reduced-domain,Powell,26,0.9999822502104411
reduced-domain,Powell,27,0.9999904612417587
reduced-domain,Powell,25,0.9999771060358396
reduced-domain,Powell,22,0.9999786497570312
reduced-domain,Powell,21,0.999973894968208
reduced-domain,Powell,24,0.9999803595703841
reduced-domain,Powell,28,0.9999818303599726
reduced-domain,Powell,7,0.9999694821773164
reduced-domain,Powell,33,0.9999897092970443
reduced-domain,Powell,35,0.9999921034845066
reduced-domain,Powell,23,0.9999948306846881
reduced-domain,Powell,30,0.9999854485242767
reduced-domain,Powell,29,0.9999836046808205
reduced-domain,Powell,36,0.9999844080912302
reduced-domain,Powell,31,0.9999725033927036
reduced-domain,Powell,34,0.9999753614029111
reduced-domain,Powell,38,0.9999862156178451
reduced-domain,Powell,32,0.99999615139876
reduced-domain,Powell,41,0.9999835115498079
reduced-domain,Powell,40,0.9999807426777649
reduced-domain,Powell,39,0.9999914152813114
reduced-domain,Powell,43,0.9999858326799058
reduced-domain,Powell,47,0.9999732716817521
reduced-domain,Powell,44,0.9999928232029259
reduced-domain,Powell,37,0.9999699434327314
reduced-domain,Powell,46,0.9999937189853468
reduced-domain,Powell,45,0.9999812747631514
reduced-domain,Powell,50,0.9999787820252247
reduced-domain,Powell,51,0.9999823483129604
reduced-domain,Powell,53,0.999991084252157
reduced-domain,Powell,55,0.999979148039124
reduced-domain,Powell,52,0.9999887315940551
reduced-domain,Powell,42,0.9999867215942045
reduced-domain,Powell,49,0.999991535415879
reduced-domain,Powell,57,0.9999878418225536
reduced-domain,Powell,58,0.9999647333688226
reduced-domain,Powell,56,0.9999812353725724
reduced-domain,Powell,67,0.9999917938074391
reduced-domain,Powell,68,0.9999847151480175
reduced-domain,Powell,62,0.9999703571742515
reduced-domain,Powell,48,0.9999731765332636
reduced-domain,Powell,60,0.9999936231354819
reduced-domain,Powell,61,0.9999762926307014
reduced-domain,Powell,54,0.9999929137768813
reduced-domain,Powell,63,0.9999827705151746
reduced-domain,Powell,71,0.9999679411581378
reduced-domain,Powell,65,0.9999849956186646
reduced-domain,Powell,59,0.9999806873353042
reduced-domain,Powell,69,0.9999770763936933
reduced-domain,Powell,70,0.999974275388768
reduced-domain,Powell,72,0.9999859378826234
reduced-domain,Powell,64,0.9999775107021847
reduced-domain,Powell,79,0.9999779538794723
reduced-domain,Powell,73,0.999995221242507
reduced-domain,Powell,66,0.9999728575246113
reduced-domain,Powell,83,0.999989798239789
reduced-domain,Powell,75,0.9999780578295369
reduced-domain,Powell,78,0.9999895178419954
reduced-domain,Powell,74,0.9999859257153239
reduced-domain,Powell,84,0.999981450151377
reduced-domain,Powell,77,0.9999762873751145
reduced-domain,Powell,82,0.9999694352824607
reduced-domain,Powell,86,0.9999953963493076
reduced-domain,SPSA,0,0.6963515841860867
reduced-domain,Powell,87,0.9999624054290581
reduced-domain,SPSA,1,0.7267731850900314
reduced-domain,Powell,93,0.999988930995719
reduced-domain,Powell,91,0.9999889207594725
reduced-domain,Powell,89,0.9999844541492893
reduced-domain,SPSA,2,0.713761363419255
reduced-domain,Powell,81,0.9999838586821499
reduced-domain,Powell,90,0.9999504586852619
reduced-domain,Powell,80,0.9999857647132813
reduced-domain,Powell,76,0.9999903941291993
reduced-domain,SPSA,10,0.6508684431753855
reduced-domain,SPSA,3,0.6897601945323557
reduced-domain,SPSA,4,0.7107632413633498
reduced-domain,SPSA,5,0.7184825966232258
reduced-domain,SPSA,6,0.704340844584076
reduced-domain,Powell,85,0.999987014945315
reduced-domain,SPSA,17,0.69459106479817
reduced-domain,SPSA,7,0.6916506887629342
reduced-domain,SPSA,8,0.6985830811602536
reduced-domain,SPSA,15,0.6922840258671745
reduced-domain,SPSA,9,0.6870144145574355
reduced-domain,SPSA,11,0.6929766481209955
reduced-domain,SPSA,12,0.7103997624197727
reduced-domain,SPSA,13,0.6811847748177107
reduced-domain,SPSA,19,0.7060007626607226
reduced-domain,SPSA,14,0.7016006366000891
reduced-domain,SPSA,16,0.7099929954506231
reduced-domain,SPSA,18,0.6971676909792224
reduced-domain,Powell,88,0.9999893895610105
reduced-domain,SPSA,32,0.2762811662593376
reduced-domain,SPSA,20,0.728854371615736
reduced-domain,SPSA,21,0.7239564598562447
reduced-domain,Powell,97,0.9999903433837884
reduced-domain,SPSA,22,0.7175975329139074
reduced-domain,SPSA,23,0.699716433777301
reduced-domain,SPSA,30,0.7195018208211946
reduced-domain,SPSA,24,0.7029546436177693
reduced-domain,SPSA,25,0.7140631438145185
reduced-domain,Powell,98,0.9999826753550516
reduced-domain,Powell,92,0.9999814385149643
reduced-domain,SPSA,27,0.6838106759957253
reduced-domain,SPSA,26,0.7037055621356569
reduced-domain,SPSA,28,0.7438197754704531
reduced-domain,SPSA,29,0.6994218321990195
reduced-domain,SPSA,44,0.663036099964615
reduced-domain,SPSA,31,0.7123579729679012
reduced-domain,SPSA,35,0.6854441632281605
reduced-domain,SPSA,33,0.7267784156157086
reduced-domain,SPSA,34,0.7341441727845412
reduced-domain,SPSA,36,0.7276326132838472
reduced-domain,SPSA,37,0.6917879269697231
reduced-domain,SPSA,38,0.6958418919239339
reduced-domain,SPSA,39,0.7288347012432002
reduced-domain,SPSA,40,0.7129183287938278
reduced-domain,SPSA,41,0.7058139164192535
reduced-domain,SPSA,43,0.6980189271874432
reduced-domain,SPSA,42,0.7241990109026485
reduced-domain,SPSA,60,0.5859386623236349
reduced-domain,SPSA,45,0.6958713333918385
reduced-domain,SPSA,46,0.7308431048925385
reduced-domain,SPSA,47,0.6775523374106542
reduced-domain,SPSA,59,0.7353613023187715
reduced-domain,SPSA,55,0.7040932137381725
reduced-domain,Powell,96,0.9999802513641566
reduced-domain,Powell,94,0.9999899005875874
reduced-domain,SPSA,48,0.7190232973641918
reduced-domain,SPSA,49,0.7117575174349312
reduced-domain,SPSA,50,0.6878471044891165
reduced-domain,SPSA,51,0.7060983452554729
reduced-domain,SPSA,52,0.7069123539888311
reduced-domain,SPSA,53,0.7062283130855186
reduced-domain,SPSA,54,0.6923296478828223
reduced-domain,SPSA,56,0.6809047706997156
reduced-domain,SPSA,57,0.7020282666645606
reduced-domain,SPSA,58,0.7378488843128956
reduced-domain,SPSA,61,0.695915620606801
reduced-domain,SPSA,62,0.7045042890004715
reduced-domain,SPSA,63,0.7034032776139255
reduced-domain,SPSA,64,0.6892588734931026
reduced-domain,Powell,99,0.9999795394130018
reduced-domain,SPSA,65,0.7025465196178221
reduced-domain,SPSA,66,0.7076782633347786
reduced-domain,SPSA,67,0.7026012747179768
reduced-domain,SPSA,68,0.7367260388293363
reduced-domain,SPSA,69,0.69967698384521
reduced-domain,SPSA,70,0.7147390260600422
reduced-domain,SPSA,71,0.6707655947937983
reduced-domain,Powell,95,0.9999835247527248
reduced-domain,SPSA,87,0.7136867888194788
reduced-domain,SPSA,72,0.6871419733303128
reduced-domain,SPSA,73,0.7182011055639109
reduced-domain,SPSA,74,0.7529810814202287
reduced-domain,SPSA,92,0.7026314322177676
reduced-domain,SPSA,75,0.6988580593480536
reduced-domain,SPSA,97,0.5579883828659472
reduced-domain,SPSA,76,0.6947180233953777
reduced-domain,SPSA,83,0.7133439547316917
reduced-domain,SPSA,78,0.7016876839510654
reduced-domain,SPSA,77,0.7003606394791657
reduced-domain,SPSA,84,0.7112026995837745
reduced-domain,SPSA,79,0.69522487876504
reduced-domain,SPSA,80,0.6917206728759075
reduced-domain,SPSA,81,0.7416491583669234
reduced-domain,SPSA,82,0.7019827572732951
reduced-domain,SPSA,88,0.7062838728925483
reduced-domain,SPSA,95,0.6740146493544117
Gaussian,COBYLA,0,0.9952619214430987
reduced-domain,SPSA,85,0.6833312627445772
Gaussian,COBYLA,1,0.9991259623696513
Gaussian,COBYLA,2,0.9690498632402698
reduced-domain,SPSA,86,0.7109487171378572
reduced-domain,SPSA,99,0.7281367718738138
Gaussian,COBYLA,3,0.9974546633110943
Gaussian,COBYLA,4,0.9981982801572984
reduced-domain,SPSA,91,0.6915834725941032
Gaussian,COBYLA,5,0.9863192426187292
Gaussian,COBYLA,6,0.9777621970936727
Gaussian,COBYLA,7,0.9331907600437153
reduced-domain,SPSA,89,0.7153513000341423
reduced-domain,SPSA,90,0.7201712471548906
Gaussian,COBYLA,8,0.9935205673834175
reduced-domain,SPSA,93,0.6969885153439984
Gaussian,COBYLA,9,0.9964725368442645
reduced-domain,SPSA,94,0.6948500907263123
Gaussian,COBYLA,10,0.9926937140909035
Gaussian,COBYLA,11,0.898292455764846
Gaussian,COBYLA,12,0.9643576207975812
Gaussian,COBYLA,13,0.9628504687295472
reduced-domain,SPSA,96,0.6850087947477694
Gaussian,COBYLA,14,0.9277050132103397
reduced-domain,SPSA,98,0.6875683170580796
Gaussian,COBYLA,15,0.9845304226616599
Gaussian,COBYLA,16,0.9733950864174914
Gaussian,COBYLA,17,0.9959332776757156
Gaussian,COBYLA,21,0.966823110476099
Gaussian,COBYLA,20,0.98104310747459
Gaussian,COBYLA,19,0.9743498446012145
Gaussian,COBYLA,22,0.9349311559994044
Gaussian,COBYLA,18,0.9739897491626176
Gaussian,COBYLA,23,0.9984589835389033
Gaussian,COBYLA,24,0.9700003779366226
Gaussian,COBYLA,25,0.9739776032866664
Gaussian,COBYLA,26,0.9925252644605914
Gaussian,COBYLA,27,0.9854061706735544
Gaussian,COBYLA,28,0.9829829604417797
Gaussian,COBYLA,29,0.9576440124864146
Gaussian,COBYLA,30,0.995869300200485
Gaussian,COBYLA,31,0.9771918716762502
Gaussian,COBYLA,32,0.9952475508062462
Gaussian,COBYLA,33,0.9844903064241366
Gaussian,COBYLA,34,0.9993113638294165
Gaussian,COBYLA,35,0.9894754582431409
Gaussian,COBYLA,36,0.9849416342384353
Gaussian,COBYLA,37,0.994980133062562
Gaussian,COBYLA,38,0.9968097863817862
Gaussian,COBYLA,39,0.9883057563963226
Gaussian,COBYLA,40,0.968882574369823
Gaussian,COBYLA,41,0.9715254207439361
Gaussian,COBYLA,43,0.9836164920448092
Gaussian,COBYLA,42,0.9820708404111421
Gaussian,COBYLA,44,0.989310769876812
Gaussian,COBYLA,46,0.9895612092901517
Gaussian,COBYLA,45,0.994886367533155
Gaussian,COBYLA,47,0.9963289709794002
Gaussian,COBYLA,48,0.970399638353717
Gaussian,COBYLA,49,0.9774889442264183
Gaussian,COBYLA,50,0.994763566097664
Gaussian,COBYLA,51,0.9708405514921944
Gaussian,COBYLA,52,0.9863991627603282
Gaussian,COBYLA,53,0.9980429955024
Gaussian,COBYLA,54,0.9912796488573765
Gaussian,COBYLA,55,0.9915294325332203
Gaussian,COBYLA,56,0.9636876775210685
Gaussian,COBYLA,57,0.9970171055585817
Gaussian,COBYLA,58,0.9339033201727606
Gaussian,COBYLA,59,0.9656909329218263
Gaussian,COBYLA,61,0.9865832383139024
Gaussian,COBYLA,60,0.9813824271064351
Gaussian,COBYLA,62,0.9427345654299505
Gaussian,COBYLA,64,0.9984328264075586
Gaussian,COBYLA,63,0.9928447373744648
Gaussian,COBYLA,65,0.9962282399921034
Gaussian,COBYLA,66,0.9635662644788273
Gaussian,COBYLA,67,0.9936147992003099
Gaussian,COBYLA,68,0.9711960902080161
Gaussian,COBYLA,69,0.9837120015644072
Gaussian,COBYLA,70,0.9994869268497277
Gaussian,COBYLA,71,0.9961509944088023
Gaussian,COBYLA,72,0.9525892152103285
Gaussian,COBYLA,73,0.9668687544629819
Gaussian,COBYLA,74,0.9872685988653191
Gaussian,COBYLA,75,0.9784373747678062
Gaussian,COBYLA,76,0.9774208055275772
Gaussian,COBYLA,77,0.9982360765029014
Gaussian,COBYLA,78,0.9854649308851288
Gaussian,COBYLA,79,0.9639587858844042
Gaussian,COBYLA,80,0.9993756148975862
Gaussian,COBYLA,81,0.9919064818915775
Gaussian,COBYLA,82,0.9961168537594454
Gaussian,COBYLA,83,0.9910766027565693
Gaussian,COBYLA,85,0.9993983575069706
Gaussian,COBYLA,86,0.9596738443659674
Gaussian,COBYLA,84,0.9948094009678297
Gaussian,COBYLA,87,0.9612439596041239
Gaussian,COBYLA,88,0.9814270716378092
Gaussian,COBYLA,89,0.9648348322642182
Gaussian,COBYLA,90,0.9311883244506776
Gaussian,COBYLA,91,0.9742118674031146
Gaussian,COBYLA,92,0.9810518380931582
Gaussian,COBYLA,93,0.9705228694458791
Gaussian,COBYLA,95,0.9974465659689905
Gaussian,COBYLA,94,0.9847387870393772
Gaussian,COBYLA,96,0.9932520773458082
Gaussian,COBYLA,98,0.9846951997650646
Gaussian,COBYLA,97,0.8700015880206095
Gaussian,COBYLA,99,0.9537143255735717
Gaussian,Powell,17,0.9999944898301795
Gaussian,Powell,2,0.999994656424041
Gaussian,Powell,1,0.9999878749949689
Gaussian,Powell,10,0.9999872176594025
Gaussian,Powell,18,0.999983255248079
Gaussian,Powell,15,0.9999864319075586
Gaussian,Powell,6,0.9999872993682639
Gaussian,Powell,0,0.9999986111496251
Gaussian,Powell,3,0.9999907954268118
Gaussian,Powell,5,0.9999947280864372
Gaussian,Powell,7,0.9999897326621291
Gaussian,Powell,16,0.9999816088965903
Gaussian,Powell,11,0.9999897831140724
Gaussian,Powell,19,0.9999959786725146
Gaussian,Powell,8,0.9999914549429815
Gaussian,Powell,13,0.9999877071182486
Gaussian,Powell,4,0.9999960416448176
Gaussian,Powell,14,0.9999941120274222
Gaussian,Powell,9,0.9999878706393147
Gaussian,Powell,12,0.9999693427635097
Gaussian,Powell,26,0.9999889672866107
Gaussian,Powell,21,0.9999795194730028
Gaussian,Powell,20,0.9999715057135293
Gaussian,Powell,22,0.9999846518651405
Gaussian,Powell,27,0.9999935273348559
Gaussian,Powell,29,0.9999948946791787
Gaussian,Powell,23,0.9999821275022643
Gaussian,Powell,31,0.9999947974106591
Gaussian,Powell,24,0.9999935211532035
Gaussian,Powell,38,0.9999980859613359
Gaussian,Powell,25,0.9999867313579254
Gaussian,Powell,33,0.9999938543827188
Gaussian,Powell,28,0.9999855393823958
Gaussian,Powell,32,0.9999717969412845
Gaussian,Powell,42,0.9999799022588775
Gaussian,Powell,40,0.9999937114544
Gaussian,Powell,39,0.9999836438840474
Gaussian,Powell,34,0.9999851018637653
Gaussian,Powell,36,0.9999850115798603
Gaussian,Powell,44,0.9999966335052181
Gaussian,Powell,30,0.9999954372907054
Gaussian,Powell,35,0.9999838526909334
Gaussian,Powell,37,0.9999964699712233
Gaussian,Powell,41,0.9999787731180537
Gaussian,Powell,48,0.9999948605934378
Gaussian,Powell,45,0.9999904141623936
Gaussian,Powell,47,0.999981416118146
Gaussian,Powell,43,0.9999720433374348
Gaussian,Powell,60,0.9999945377024703
Gaussian,Powell,56,0.9999924447664638
Gaussian,Powell,50,0.9999856281509825
Gaussian,Powell,51,0.999976992826451
Gaussian,Powell,52,0.9999900977121442
Gaussian,Powell,55,0.9999885643073884
Gaussian,Powell,61,0.9999835798314233
Gaussian,Powell,54,0.999994002822919
Gaussian,Powell,62,0.9999940100125178
Gaussian,Powell,49,0.9999779689924122
Gaussian,Powell,57,0.9999966482610901
Gaussian,Powell,59,0.9999928974756276
Gaussian,Powell,53,0.9999913603898867
Gaussian,Powell,46,0.9999946990382194
Gaussian,Powell,58,0.999987602587467
Gaussian,Powell,70,0.9999857072077999
Gaussian,Powell,71,0.9999977877019454
Gaussian,Powell,65,0.9999958599822062
Gaussian,Powell,64,0.9999880484721082
Gaussian,Powell,77,0.9999941338308564
Gaussian,Powell,63,0.9999978393450493
Gaussian,Powell,68,0.9999934867039268
Gaussian,Powell,75,0.999994175560799
Gaussian,Powell,69,0.9999852592065938
Gaussian,Powell,76,0.9999914180490138
Gaussian,Powell,73,0.9999722601929921
Gaussian,Powell,79,0.9999948408953973
Gaussian,Powell,80,0.9999930305277732
Gaussian,Powell,72,0.9999936420207979
Gaussian,Powell,81,0.9999936031516884
Gaussian,Powell,67,0.9999854283662977
Gaussian,Powell,78,0.9999864588025876
Gaussian,Powell,74,0.99997906103483
Gaussian,Powell,82,0.9999919023817606
Gaussian,SPSA,1,0.6984496422898254
Gaussian,SPSA,0,0.6730810016707934
Gaussian,Powell,66,0.9999755796664364
Gaussian,Powell,83,0.9999973123562298
Gaussian,Powell,84,0.9999807367608321
Gaussian,Powell,96,0.9999719770414055
Gaussian,Powell,95,0.9999937855170273
Gaussian,SPSA,2,0.6721012848232465
Gaussian,Powell,90,0.999996346474625
Gaussian,SPSA,3,0.6991752497174297
Gaussian,Powell,86,0.9999949914365013
Gaussian,Powell,85,0.9999956458032154
Gaussian,SPSA,11,0.6998092174526667
Gaussian,Powell,92,0.9999898279813055
Gaussian,SPSA,4,0.6934729689160428
Gaussian,Powell,87,0.9999952418808515
Gaussian,SPSA,5,0.7124345996783242
Gaussian,Powell,93,0.999989307672031
Gaussian,SPSA,6,0.7194416303116671
Gaussian,SPSA,16,0.6897558077712894
Gaussian,Powell,99,0.999997416261244
Gaussian,SPSA,7,0.7109383511998345
Gaussian,SPSA,9,0.6822811179271194
Gaussian,SPSA,8,0.7246302348273226
Gaussian,SPSA,10,0.709098929003443
Gaussian,SPSA,12,0.7033863833607004
Gaussian,SPSA,14,0.6932136278377812
Gaussian,SPSA,13,0.6974282922328036
Gaussian,SPSA,15,0.6942006992077293
Gaussian,SPSA,17,0.6863615005044683
Gaussian,SPSA,18,0.7102478904039138
Gaussian,Powell,94,0.9999940609831139
Gaussian,SPSA,20,0.6682115179779299
Gaussian,Powell,97,0.9999803532602126
Gaussian,SPSA,21,0.6801476589610227
Gaussian,Powell,89,0.9999780125038445
Gaussian,SPSA,19,0.7304905604199363
Gaussian,SPSA,22,0.6727338325867968
Gaussian,SPSA,23,0.6919743531346246
Gaussian,SPSA,24,0.6778643420906668
Gaussian,SPSA,25,0.7537453825324021
Gaussian,Powell,91,0.9999821372383192
Gaussian,SPSA,26,0.7511741063662474
Gaussian,Powell,98,0.9999873171177346
Gaussian,SPSA,44,0.6899645204607949
Gaussian,SPSA,27,0.703768977246682
Gaussian,SPSA,28,0.6959221485236106
Gaussian,SPSA,29,0.7317333143453546
Gaussian,SPSA,30,0.692663543892003
Gaussian,SPSA,33,0.7048756126272959
Gaussian,SPSA,46,0.6859984084836932
Gaussian,SPSA,31,0.6924129862399419
Gaussian,SPSA,32,0.6952769154745442
Gaussian,SPSA,34,0.6971230266978656
Gaussian,SPSA,47,0.7174076002204008
Gaussian,SPSA,35,0.7175709933085379
Gaussian,SPSA,36,0.7253381931392272
Gaussian,SPSA,37,0.6847525081860177
Gaussian,Powell,88,0.9999967894473831
Gaussian,SPSA,48,0.667359106747855
Gaussian,SPSA,39,0.719293519056817
Gaussian,SPSA,40,0.6985579029881169
Gaussian,SPSA,41,0.7551919177225174
Gaussian,SPSA,43,0.6864824185693755
Gaussian,SPSA,42,0.6777934279264664
Gaussian,SPSA,38,0.68024820471617
Gaussian,SPSA,45,0.722632514079124
Gaussian,SPSA,64,0.6719299153592416
Gaussian,SPSA,57,0.6887053805554236
Gaussian,SPSA,69,0.7087159343383831
Gaussian,SPSA,67,0.697311258908981
Gaussian,SPSA,51,0.7033317004720511
Gaussian,SPSA,50,0.7053589918382179
Gaussian,SPSA,49,0.695292058223411
Gaussian,SPSA,63,0.7096171211669374
Gaussian,SPSA,52,0.7007067780784235
Gaussian,SPSA,53,0.7074036825952679
Gaussian,SPSA,54,0.7021940645734249
Gaussian,SPSA,55,0.7293535098746177
Gaussian,SPSA,56,0.6999139609263444
Gaussian,SPSA,58,0.6786577394579691
Gaussian,SPSA,59,0.7164579214142639
Gaussian,SPSA,71,0.686816085024767
Gaussian,SPSA,60,0.7071637587604156
Gaussian,SPSA,61,0.6889635723829446
Gaussian,SPSA,62,0.7031736950582601
Gaussian,SPSA,65,0.6828276946228153
Gaussian,SPSA,66,0.734466634483964
Gaussian,SPSA,83,0.6912428293252194
Gaussian,SPSA,68,0.6924674556932144
Gaussian,SPSA,80,0.7136894764048224
Gaussian,SPSA,70,0.7182102986015307
Gaussian,SPSA,73,0.7283844509233832
Gaussian,SPSA,94,0.5435036892516565
Gaussian,SPSA,74,0.7326275282482161
Gaussian,SPSA,75,0.6904280794716585
Gaussian,SPSA,72,0.6868375631936849
Gaussian,SPSA,76,0.7092918034226876
Gaussian,SPSA,96,0.6683023043896463
Gaussian,SPSA,98,0.6644128066448846
Gaussian,SPSA,77,0.6804769367270256
Gaussian,SPSA,78,0.7022317964500582
Gaussian,SPSA,93,0.6805903009335701
Gaussian,SPSA,79,0.7049792654131604
Gaussian,SPSA,90,0.6748570890287174
Gaussian,SPSA,81,0.7037816073279077
Gaussian,SPSA,82,0.7246674498831451
MBL,COBYLA,0,0.9989180345176621
Gaussian,SPSA,84,0.694794792823054
MBL,COBYLA,2,0.9670513723725461
Gaussian,SPSA,85,0.6991376501171428
MBL,COBYLA,3,0.9888898145250913
Gaussian,SPSA,86,0.7177459246875284
MBL,COBYLA,1,0.9390413303283033
MBL,COBYLA,4,0.961521091868283
Gaussian,SPSA,87,0.6947896988187511
Gaussian,SPSA,88,0.6937208336315928
MBL,COBYLA,5,0.9885061921030158
Gaussian,SPSA,89,0.7214821879263122
Gaussian,SPSA,92,0.7581775142984041
Gaussian,SPSA,91,0.6855720316891075
MBL,COBYLA,6,0.9829707188523149
MBL,COBYLA,7,0.9443268335810321
MBL,COBYLA,8,0.9779237282466843
MBL,COBYLA,9,0.9991000506642495
MBL,COBYLA,11,0.9271921941404376
MBL,COBYLA,10,0.9869866273802878
MBL,COBYLA,12,0.9091772863590654
MBL,COBYLA,13,0.9618074797438045
MBL,COBYLA,14,0.9988925894874487
MBL,COBYLA,15,0.9648173049130299
MBL,COBYLA,16,0.9979975226083814
MBL,COBYLA,18,0.9946797637444965
MBL,COBYLA,17,0.9545741242228203
Gaussian,SPSA,95,0.6765710998285782
MBL,COBYLA,19,0.9762624700059445
Gaussian,SPSA,99,0.677156181503682
MBL,COBYLA,20,0.9980371652945815
Gaussian,SPSA,97,0.7084511810542373
MBL,COBYLA,21,0.9586584193697262
MBL,COBYLA,22,0.9825058733338374
MBL,COBYLA,23,0.9253436907999344
MBL,COBYLA,24,0.947546921123741
MBL,COBYLA,25,0.9684042039023022
MBL,COBYLA,26,0.9728561799625379
MBL,COBYLA,27,0.9551996679986137
MBL,COBYLA,28,0.9670360661197092
MBL,COBYLA,29,0.9869173399540196
MBL,COBYLA,31,0.9884234998555832
MBL,COBYLA,30,0.9857011004366009
MBL,COBYLA,33,0.9661886493505116
MBL,COBYLA,34,0.9281160110789176
MBL,COBYLA,35,0.9511045433137866
MBL,COBYLA,32,0.966025969514182
MBL,COBYLA,36,0.9638360540863674
MBL,COBYLA,37,0.9732233924804181
MBL,COBYLA,38,0.9695155599300178
MBL,COBYLA,39,0.9060617042865744
MBL,COBYLA,40,0.9566631343944809
MBL,COBYLA,41,0.9989940934212062
MBL,COBYLA,43,0.9011793175122101
MBL,COBYLA,42,0.9907035531702412
MBL,COBYLA,44,0.9987967291980546
MBL,COBYLA,45,0.9732046129063262
MBL,COBYLA,47,0.9832617768958819
MBL,COBYLA,46,0.9936718782087773
MBL,COBYLA,48,0.9520186093373681
MBL,COBYLA,49,0.9692120370522217
MBL,COBYLA,50,0.9484716111564669
MBL,COBYLA,51,0.9333177689968506
MBL,COBYLA,52,0.9736653067681582
MBL,COBYLA,53,0.9267730591192557
MBL,COBYLA,56,0.9139379405337514
MBL,COBYLA,54,0.9772623202199281
MBL,COBYLA,57,0.9183767969348653
MBL,COBYLA,58,0.9982377932924664
MBL,COBYLA,59,0.9490156332809849
MBL,COBYLA,55,0.9992410170256136
MBL,COBYLA,60,0.9428337206914206
MBL,COBYLA,61,0.991109772887907
MBL,COBYLA,62,0.9333499102298569
MBL,COBYLA,63,0.985309511259545
MBL,COBYLA,64,0.9815241140331842
MBL,COBYLA,65,0.9145224327840135
MBL,COBYLA,66,0.9927034180349853
MBL,COBYLA,67,0.9228770400090217
MBL,COBYLA,68,0.992750370869363
MBL,COBYLA,69,0.9208250532364513
MBL,COBYLA,70,0.9603966455289433
MBL,COBYLA,71,0.9726205098864642
MBL,COBYLA,72,0.94982522707264
MBL,COBYLA,73,0.9876618390655623
MBL,COBYLA,74,0.9984619747550854
MBL,COBYLA,76,0.9297644698326759
MBL,COBYLA,75,0.9974590241337351
MBL,COBYLA,78,0.9361575429291771
MBL,COBYLA,77,0.9143177634764198
MBL,COBYLA,80,0.9697805957474519
MBL,COBYLA,79,0.9165642431003572
MBL,COBYLA,81,0.9988955277604076
MBL,COBYLA,82,0.9774167685903681
MBL,COBYLA,83,0.9514231303528091
MBL,COBYLA,84,0.9826994517423785
MBL,COBYLA,85,0.9383201735363437
MBL,COBYLA,86,0.9587568688087752
MBL,COBYLA,87,0.9552181334054557
MBL,COBYLA,89,0.9790914222603265
MBL,COBYLA,88,0.9795456416313756
MBL,COBYLA,90,0.9458915727826901
MBL,COBYLA,91,0.9256438190201057
MBL,COBYLA,93,0.9898809768000443
MBL,COBYLA,92,0.9753603754809872
MBL,COBYLA,94,0.9379159141537351
MBL,COBYLA,95,0.9988629594764484
MBL,COBYLA,96,0.979977762315208
MBL,COBYLA,97,0.9985071480537454
MBL,COBYLA,98,0.9881846380060758
MBL,COBYLA,99,0.9993968366493864
MBL,Powell,1,0.9999946973674723
MBL,Powell,5,0.999984520408724
MBL,Powell,13,0.9999698834380041
MBL,Powell,10,0.9999972676001042
MBL,Powell,15,0.9999894267667331
MBL,Powell,2,0.9999917526279091
MBL,Powell,3,0.9999940992117338
MBL,Powell,4,0.9999902479939301
MBL,Powell,18,0.9999963816762942
MBL,Powell,9,0.9999959190507054
MBL,Powell,8,0.9999978898155862
MBL,Powell,14,0.9999830658483497
MBL,Powell,6,0.9999935573909682
MBL,Powell,11,0.9999972965065891
MBL,Powell,12,0.999996858277957
MBL,Powell,17,0.9999977066250434
MBL,Powell,19,0.999993860642294
MBL,Powell,7,0.9999978960275281
MBL,Powell,22,0.9999940186746519
MBL,Powell,16,0.9999886551970901
MBL,Powell,0,0.9999884430143239
MBL,Powell,25,0.9999951624283536
MBL,Powell,21,0.9999955039540688
MBL,Powell,23,0.9999930634959229
MBL,Powell,28,0.9999863634533804
MBL,Powell,24,0.9999988217637188
MBL,Powell,27,0.9999951692937629
MBL,Powell,20,0.9999934964794832
MBL,Powell,33,0.9999983552796061
MBL,Powell,26,0.9999881209669763
MBL,Powell,30,0.9999963337253579
MBL,Powell,34,0.9999935163656996
MBL,Powell,36,0.9999891523317181
MBL,Powell,41,0.9999972973982206
MBL,Powell,40,0.999990164678495
MBL,Powell,37,0.9999973227874348
MBL,Powell,42,0.9999982326524657
MBL,Powell,32,0.9999861890451505
MBL,Powell,35,0.9999815906766706
MBL,Powell,39,0.9999914277663166
MBL,Powell,45,0.9999887610595104
MBL,Powell,31,0.9999782717173253
MBL,Powell,38,0.9999874394550469
MBL,Powell,29,0.9999950689740645
MBL,Powell,43,0.9999943751393514
MBL,Powell,47,0.9999941379617889
MBL,Powell,49,0.9999856504109289
MBL,Powell,48,0.9999863126330679
MBL,Powell,46,0.9999986270109017
MBL,Powell,57,0.9999976694073003
MBL,Powell,58,0.9999959314970495
MBL,Powell,51,0.9999925511975407
MBL,Powell,59,0.9999879390846038
MBL,Powell,54,0.9999913581765767
MBL,Powell,52,0.9999886305172697
MBL,Powell,60,0.9999957750066895
MBL,Powell,53,0.9999922714021487
MBL,Powell,55,0.999988155435391
MBL,Powell,63,0.9999951982697834
MBL,Powell,50,0.9999892229947017
MBL,Powell,56,0.9999990116165429
MBL,Powell,62,0.9999734954569128
MBL,Powell,61,0.9999949395948258
MBL,Powell,44,0.9999793300846774
MBL,Powell,65,0.9999917474497374
MBL,Powell,69,0.9999941749274961
MBL,Powell,66,0.9999774346902516
MBL,Powell,70,0.999991872196086
MBL,Powell,64,0.9999956518928508
MBL,Powell,72,0.999996971164754
MBL,Powell,74,0.9999963541059923
MBL,Powell,67,0.999987773514249
MBL,Powell,71,0.999989936259919
MBL,Powell,79,0.9999917747932241
MBL,Powell,68,0.9999953169965833
MBL,Powell,73,0.9999953165248698
MBL,Powell,77,0.9999927160082874
MBL,Powell,82,0.9999968346568505
MBL,Powell,80,0.999997368544191
MBL,Powell,75,0.9999967910625769
MBL,Powell,81,0.9999950709223723
MBL,Powell,85,0.999980424429606
MBL,Powell,86,0.9999962043631897
MBL,Powell,83,0.9999939708151175
MBL,Powell,87,0.9999924938604694
MBL,Powell,76,0.9999937138338896
MBL,SPSA,0,0.7031725179877815
MBL,SPSA,1,0.6977449063607706
MBL,SPSA,6,0.6664180156214439
MBL,SPSA,2,0.6888176206874884
MBL,SPSA,3,0.7371960447191168
MBL,Powell,78,0.9999939578445359
MBL,SPSA,10,0.5132863796354936
MBL,Powell,88,0.9999803980243055
MBL,Powell,92,0.9999930817822382
MBL,Powell,84,0.9999948775559118
MBL,SPSA,4,0.6685661330469281
MBL,Powell,89,0.9999946801825406
MBL,Powell,90,0.9999962532711795
MBL,SPSA,5,0.7017164290372688
MBL,SPSA,16,0.7080266808039151
MBL,SPSA,7,0.705034912661982
MBL,SPSA,8,0.6811218323304408
MBL,SPSA,9,0.6982870188796789
MBL,Powell,95,0.999988863428841
MBL,SPSA,22,0.6872729359654929
MBL,SPSA,11,0.6787812451952726
MBL,SPSA,13,0.7038264282421622
MBL,SPSA,12,0.7058178134818124
MBL,Powell,97,0.999993273115528
MBL,SPSA,14,0.7032072982801438
MBL,SPSA,15,0.70005893374458
MBL,SPSA,17,0.6993601307391967
MBL,SPSA,18,0.7092143033650722
MBL,SPSA,19,0.6778114335786383
MBL,SPSA,34,0.6900530960335777
MBL,SPSA,20,0.6756862673341844
MBL,SPSA,21,0.6814659400648561
MBL,SPSA,23,0.7013546013888188
MBL,SPSA,26,0.6820797452078302
MBL,SPSA,27,0.6912844597967842
MBL,SPSA,25,0.717138024754495
MBL,SPSA,28,0.681595393833338
MBL,SPSA,29,0.7049109518701946
MBL,SPSA,30,0.7089701665788144
MBL,SPSA,31,0.7162893325516118
MBL,SPSA,39,0.6933964617127174
MBL,SPSA,24,0.7325544254912855
MBL,SPSA,40,0.6866331429109354
MBL,SPSA,32,0.7192162634754546
MBL,SPSA,35,0.6869459855840288
MBL,Powell,91,0.9999942547044782
MBL,SPSA,33,0.6685257335860859
MBL,Powell,99,0.9999977596016155
MBL,Powell,96,0.9999896059616306
MBL,SPSA,36,0.7034751585299457
MBL,SPSA,37,0.703391929685482
MBL,Powell,93,0.9999973824625826
MBL,SPSA,38,0.710019263168385
MBL,SPSA,41,0.7008773944289209
MBL,SPSA,56,0.6939351288831483
MBL,SPSA,42,0.7296381330070271
MBL,SPSA,43,0.6930199099883896
MBL,Powell,98,0.9999906979233365
MBL,SPSA,44,0.701245235442449
MBL,SPSA,45,0.6831677457820947
MBL,SPSA,46,0.706725241103038
MBL,SPSA,60,0.647685639645129
MBL,SPSA,48,0.6952148240165599
MBL,SPSA,47,0.6726139633718281
MBL,SPSA,62,0.7641273348521003
MBL,Powell,94,0.9999941142265707
MBL,SPSA,51,0.7015104948921138
MBL,SPSA,50,0.687396922171175
MBL,SPSA,49,0.7072700768475507
MBL,SPSA,52,0.6983750279126133
MBL,SPSA,59,0.6879589904873122
MBL,SPSA,53,0.6891971738618403
MBL,SPSA,77,0.10941972718750663
MBL,SPSA,54,0.7102084015962702
MBL,SPSA,63,0.7047460691530483
MBL,SPSA,55,0.7272065592569229
MBL,SPSA,66,0.7193184435029785
MBL,SPSA,57,0.689015656004449
MBL,SPSA,58,0.7174487853916007
MBL,SPSA,61,0.6900437077583714
MBL,SPSA,64,0.7137881403863717
MBL,SPSA,65,0.7168860957469756
MBL,SPSA,67,0.7044844211850455
MBL,SPSA,68,0.690029046627574
MBL,SPSA,70,0.6865447323518424
MBL,SPSA,74,0.696221899267304
MBL,SPSA,69,0.7188309122238841
MBL,SPSA,71,0.7099676998987786
MBL,SPSA,72,0.6838483366715646
MBL,SPSA,73,0.7053191095583355
MBL,SPSA,86,0.7054090555891689
MBL,SPSA,82,0.685355384763325
MBL,SPSA,79,0.6766227074571517
MBL,SPSA,75,0.7151155629743838
MBL,SPSA,76,0.6978829452326469
MBL,SPSA,78,0.6811156524003978
MBL,SPSA,80,0.6641595381032833
MBL,SPSA,81,0.7074931039633038
MBL,SPSA,83,0.7319757075893542
Xavier-normal,COBYLA,0,0.9278762229796433
Xavier-normal,COBYLA,1,0.9648378764210925
MBL,SPSA,84,0.6900297450815085
MBL,SPSA,85,0.6883438315363751
MBL,SPSA,87,0.681563649390303
MBL,SPSA,88,0.6856196944836731
MBL,SPSA,89,0.6877620505587746
Xavier-normal,COBYLA,2,0.9707327730870169
Xavier-normal,COBYLA,3,0.9749425583874543
MBL,SPSA,90,0.7168365798083841
MBL,SPSA,91,0.7314693047861418
Xavier-normal,COBYLA,4,0.9592223286159043
Xavier-normal,COBYLA,5,0.9673737757755392
MBL,SPSA,93,0.699139273966999
Xavier-normal,COBYLA,6,0.9523934734155209
MBL,SPSA,94,0.6940998850103002
MBL,SPSA,95,0.7254485951675508
MBL,SPSA,96,0.7402577822857004
Xavier-normal,COBYLA,7,0.9273141312573701
Xavier-normal,COBYLA,8,0.9616682978087273
Xavier-normal,COBYLA,9,0.9728614317924579
MBL,SPSA,97,0.6970231362340423
MBL,SPSA,98,0.7123259366010319
MBL,SPSA,92,0.6987405012585857
MBL,SPSA,99,0.6792825454282708
Xavier-normal,COBYLA,10,0.968911299101942
Xavier-normal,COBYLA,11,0.9612472430507716
Xavier-normal,COBYLA,12,0.9732837626410505
Xavier-normal,COBYLA,13,0.9732020700091485
Xavier-normal,COBYLA,14,0.9844240811222413
Xavier-normal,COBYLA,15,0.9625395755000209
Xavier-normal,COBYLA,16,0.9449127922850221
Xavier-normal,COBYLA,17,0.9801084434189028
Xavier-normal,COBYLA,18,0.9738190645415368
Xavier-normal,COBYLA,19,0.9791586864292272
Xavier-normal,COBYLA,20,0.9797010728743243
Xavier-normal,COBYLA,22,0.9765966532484851
Xavier-normal,COBYLA,21,0.9656414768023666
Xavier-normal,COBYLA,23,0.9663121325923645
Xavier-normal,COBYLA,24,0.972752648796363
Xavier-normal,COBYLA,25,0.97672305213629
Xavier-normal,COBYLA,26,0.9522766327898553
Xavier-normal,COBYLA,27,0.9835585456191952
Xavier-normal,COBYLA,29,0.9587588433158983
Xavier-normal,COBYLA,30,0.9444462891587204
Xavier-normal,COBYLA,28,0.9698091713333928
Xavier-normal,COBYLA,31,0.9641945590780541
Xavier-normal,COBYLA,32,0.9693638394631526
Xavier-normal,COBYLA,33,0.9767396108303802
Xavier-normal,COBYLA,34,0.9902067232450185
Xavier-normal,COBYLA,35,0.9710183388968175
Xavier-normal,COBYLA,36,0.9512332495133345
Xavier-normal,COBYLA,37,0.9608632553286315
Xavier-normal,COBYLA,38,0.9651307609897675
Xavier-normal,COBYLA,39,0.9828880754665781
Xavier-normal,COBYLA,40,0.9801779451889125
Xavier-normal,COBYLA,41,0.9422756664927394
Xavier-normal,COBYLA,42,0.9302414385387736
Xavier-normal,COBYLA,45,0.9455035782744254
Xavier-normal,COBYLA,44,0.9587916016198051
Xavier-normal,COBYLA,43,0.9520448491041351
Xavier-normal,COBYLA,46,0.972561556988855
Xavier-normal,COBYLA,47,0.9498674131612602
Xavier-normal,COBYLA,49,0.9534055764775184
Xavier-normal,COBYLA,48,0.9768718519502823
Xavier-normal,COBYLA,51,0.9680524663875365
Xavier-normal,COBYLA,52,0.973178800216062
Xavier-normal,COBYLA,50,0.9621003393372529
Xavier-normal,COBYLA,53,0.9771890831313369
Xavier-normal,COBYLA,54,0.9627439968580248
Xavier-normal,COBYLA,55,0.9786127183641421
Xavier-normal,COBYLA,56,0.9845119704170935
Xavier-normal,COBYLA,57,0.9715904027967617
Xavier-normal,COBYLA,59,0.9454436043369687
Xavier-normal,COBYLA,58,0.9596385595095914
Xavier-normal,COBYLA,61,0.9721646971396047
Xavier-normal,COBYLA,60,0.9103470905455017
Xavier-normal,COBYLA,62,0.9653709300252398
Xavier-normal,COBYLA,63,0.9554204387991538
Xavier-normal,COBYLA,64,0.9781446805781385
Xavier-normal,COBYLA,65,0.9569719130464038
Xavier-normal,COBYLA,66,0.9745296691635489
Xavier-normal,COBYLA,67,0.9527244960782778
Xavier-normal,COBYLA,68,0.94621871344355
Xavier-normal,COBYLA,69,0.9599572638243905
Xavier-normal,COBYLA,70,0.9687420694390894
Xavier-normal,COBYLA,71,0.9566108889784497
Xavier-normal,COBYLA,73,0.9642272891227829
Xavier-normal,COBYLA,72,0.9707117489452577
Xavier-normal,COBYLA,74,0.9450916617719293
Xavier-normal,COBYLA,76,0.9694918666135454
Xavier-normal,COBYLA,75,0.9629649012139323
Xavier-normal,COBYLA,77,0.9062299323402785
Xavier-normal,COBYLA,80,0.9820197117166349
Xavier-normal,COBYLA,78,0.9639775046210329
Xavier-normal,COBYLA,81,0.9827988876883261
Xavier-normal,COBYLA,82,0.9722605666632406
Xavier-normal,COBYLA,79,0.9157963503084321
Xavier-normal,COBYLA,83,0.964941302047967
Xavier-normal,COBYLA,84,0.9675450195478568
Xavier-normal,COBYLA,87,0.9613408596543281
Xavier-normal,COBYLA,86,0.9719418454146329
Xavier-normal,COBYLA,85,0.9589059913317222
Xavier-normal,COBYLA,88,0.9752947214414965
Xavier-normal,COBYLA,89,0.9675071133643592
Xavier-normal,COBYLA,90,0.9741436110844653
Xavier-normal,COBYLA,91,0.9542596040450969
Xavier-normal,COBYLA,92,0.9628932003869098
Xavier-normal,COBYLA,93,0.9751136732026998
Xavier-normal,COBYLA,94,0.9526175377971011
Xavier-normal,COBYLA,95,0.9738446598309254
Xavier-normal,COBYLA,96,0.9576875522734286
Xavier-normal,COBYLA,97,0.947289335440894
Xavier-normal,COBYLA,98,0.9736974242909633
Xavier-normal,COBYLA,99,0.9754409847416354
Xavier-normal,Powell,14,0.9999485432903733
Xavier-normal,Powell,16,0.9999530420389328
Xavier-normal,Powell,5,0.999960481727267
Xavier-normal,Powell,1,0.9999304485875499
Xavier-normal,Powell,18,0.999943193117027
Xavier-normal,Powell,15,0.9999491369813425
Xavier-normal,Powell,6,0.9999450269651701
Xavier-normal,Powell,0,0.9999420043720377
Xavier-normal,Powell,17,0.9999507903791792
Xavier-normal,Powell,19,0.9999470222821428
Xavier-normal,Powell,2,0.9999428348748123
Xavier-normal,Powell,12,0.9999577083569356
Xavier-normal,Powell,4,0.9999813724560689
Xavier-normal,Powell,3,0.99993665432804
Xavier-normal,Powell,10,0.9999580699925672
Xavier-normal,Powell,11,0.999947354456775
Xavier-normal,Powell,9,0.9999374843974975
Xavier-normal,Powell,7,0.9999418150360433
Xavier-normal,Powell,13,0.9999441155690482
Xavier-normal,Powell,8,0.9999481364657022
Xavier-normal,Powell,24,0.9999233454249723
Xavier-normal,Powell,21,0.9999447946092719
Xavier-normal,Powell,20,0.9999456623461052
Xavier-normal,Powell,22,0.9999116907221203
Xavier-normal,Powell,28,0.9999240050612
Xavier-normal,Powell,23,0.9999410232621495
Xavier-normal,Powell,30,0.9999588455664399
Xavier-normal,Powell,27,0.9999382507999586
Xavier-normal,Powell,32,0.99993831035699
Xavier-normal,Powell,35,0.9999161403639074
Xavier-normal,Powell,33,0.9999182773704943
Xavier-normal,Powell,34,0.9999345730296805
Xavier-normal,Powell,36,0.9999311665247671
Xavier-normal,Powell,29,0.9999314570334414
Xavier-normal,Powell,25,0.9999418862420555
Xavier-normal,Powell,31,0.9999124238434685
Xavier-normal,Powell,26,0.9999330980953164
Xavier-normal,Powell,39,0.999944422622137
Xavier-normal,Powell,38,0.9999414706171812
Xavier-normal,Powell,37,0.9999588262193198
Xavier-normal,Powell,41,0.9999515168276
Xavier-normal,Powell,42,0.9999726431592327
Xavier-normal,Powell,40,0.9999443302700407
Xavier-normal,Powell,46,0.9999549685346566
Xavier-normal,Powell,43,0.9999186089993275
Xavier-normal,Powell,51,0.9999082191526898
Xavier-normal,Powell,45,0.9999508683703021
Xavier-normal,Powell,44,0.999937387311381
Xavier-normal,Powell,55,0.9999415182754628
Xavier-normal,Powell,53,0.9999469170652869
Xavier-normal,Powell,47,0.9999751708138542
Xavier-normal,Powell,49,0.9999611188469385
Xavier-normal,Powell,50,0.9999671669367516
Xavier-normal,Powell,52,0.9999543600597313
Xavier-normal,Powell,57,0.9999718823196891
Xavier-normal,Powell,48,0.9998919731864532
Xavier-normal,Powell,54,0.9999206540887035
Xavier-normal,Powell,56,0.9999160459351579
Xavier-normal,Powell,60,0.9999453773928744
Xavier-normal,Powell,58,0.9999334540725568
Xavier-normal,Powell,62,0.9999247245671368
Xavier-normal,Powell,59,0.9999342412935892
Xavier-normal,Powell,63,0.9999628326549538
Xavier-normal,Powell,67,0.9999262017279774
Xavier-normal,Powell,66,0.9999421970458271
Xavier-normal,Powell,61,0.99997179724936
Xavier-normal,Powell,65,0.9998999222216712
Xavier-normal,Powell,70,0.9999308885597289
Xavier-normal,Powell,72,0.9999542040072626
Xavier-normal,Powell,74,0.9999601810041865
Xavier-normal,Powell,75,0.9999539706537122
Xavier-normal,Powell,69,0.999925269787995
Xavier-normal,Powell,64,0.9999598746986798
Xavier-normal,Powell,73,0.9999516090580789
Xavier-normal,Powell,71,0.9999576273416254
Xavier-normal,Powell,78,0.9999641061191598
Xavier-normal,Powell,76,0.9999626746131614
Xavier-normal,Powell,68,0.9999179725937885
Xavier-normal,Powell,77,0.9999488436102245
Xavier-normal,Powell,80,0.9999313481467902
Xavier-normal,Powell,81,0.9999784013698804
Xavier-normal,SPSA,0,0.7129946966782161
Xavier-normal,SPSA,1,0.7035860444626592
Xavier-normal,SPSA,2,0.713324901256569
Xavier-normal,Powell,86,0.9999087724209732
Xavier-normal,SPSA,3,0.7188144290430664
Xavier-normal,Powell,85,0.9999178460154062
Xavier-normal,SPSA,4,0.6850811884673145
Xavier-normal,SPSA,5,0.7067214583224118
Xavier-normal,Powell,84,0.9999623020109283
Xavier-normal,Powell,83,0.9999279664059637
Xavier-normal,Powell,79,0.9999621301789873
Xavier-normal,SPSA,8,0.6958286575572248
Xavier-normal,SPSA,6,0.6879258299865718
Xavier-normal,SPSA,7,0.6834468101409236
Xavier-normal,SPSA,9,0.6834453351677179
Xavier-normal,Powell,88,0.9999670243873062
Xavier-normal,SPSA,10,0.6887564165775831
Xavier-normal,SPSA,13,0.6963485317989685
Xavier-normal,SPSA,12,0.6828849998951185
Xavier-normal,SPSA,11,0.6976361625284845
Xavier-normal,SPSA,14,0.7525622266486968
Xavier-normal,SPSA,15,0.6811894495178226
Xavier-normal,SPSA,16,0.7054609888076717
Xavier-normal,Powell,91,0.9999378066139992
Xavier-normal,Powell,82,0.9999470561969283
Xavier-normal,Powell,92,0.9999464569976654
Xavier-normal,Powell,87,0.9999215777486664
Xavier-normal,SPSA,17,0.6755085548585988
Xavier-normal,SPSA,18,0.7197727733217044
Xavier-normal,SPSA,19,0.7095397058909989
Xavier-normal,SPSA,21,0.7040145445239684
Xavier-normal,SPSA,20,0.696070133334586
Xavier-normal,SPSA,22,0.6939394637018856
Xavier-normal,SPSA,23,0.7190666092764711
Xavier-normal,SPSA,28,0.6873165466239549
Xavier-normal,SPSA,24,0.6869594350654372
Xavier-normal,SPSA,36,0.6364550952722933
Xavier-normal,SPSA,25,0.7303704749303965
Xavier-normal,SPSA,26,0.7250635723871279
Xavier-normal,SPSA,27,0.6826125380846371
Xavier-normal,SPSA,33,0.6900223243241163
Xavier-normal,SPSA,40,0.703578779106968
Xavier-normal,SPSA,42,0.6694859020392008
Xavier-normal,SPSA,29,0.7038119487224765
Xavier-normal,SPSA,30,0.7160238548379169
Xavier-normal,Powell,89,0.9999224246382125
Xavier-normal,SPSA,31,0.6869973675544537
Xavier-normal,SPSA,41,0.6829364284448634
Xavier-normal,SPSA,32,0.6802027196949405
Xavier-normal,SPSA,34,0.7114918542079592
Xavier-normal,SPSA,35,0.695255245448403
Xavier-normal,SPSA,37,0.6924938762915475
Xavier-normal,SPSA,38,0.6867390551541142
Xavier-normal,SPSA,39,0.6908472153762617
Xavier-normal,Powell,90,0.9999026181679083
Xavier-normal,SPSA,53,0.7008725205239313
Xavier-normal,Powell,93,0.999925239156677
Xavier-normal,SPSA,44,0.7461890011637978
Xavier-normal,SPSA,43,0.7189970765173554
Xavier-normal,SPSA,46,0.6953013657139042
Xavier-normal,SPSA,45,0.7104887758025743
Xavier-normal,SPSA,47,0.7206656976141846
Xavier-normal,SPSA,51,0.6593762164708228
Xavier-normal,SPSA,48,0.674233200120261
Xavier-normal,SPSA,63,0.6528714982690298
Xavier-normal,SPSA,59,0.7058998719849484
Xavier-normal,SPSA,65,0.6510988412392522
Xavier-normal,SPSA,49,0.682412307031344
Xavier-normal,SPSA,50,0.6756954630224179
Xavier-normal,SPSA,62,0.7354583626686685
Xavier-normal,SPSA,66,0.6757827208519854
Xavier-normal,SPSA,52,0.6969604750019964
Xavier-normal,SPSA,54,0.7274143900432566
Xavier-normal,SPSA,64,0.6826617694132118
Xavier-normal,SPSA,55,0.7054221570471745
Xavier-normal,SPSA,56,0.6890375915772394
Xavier-normal,SPSA,58,0.7102156180660079
Xavier-normal,SPSA,57,0.7198326880847467
Xavier-normal,SPSA,60,0.6793940572528979
Xavier-normal,SPSA,76,0.64424226585055
Xavier-normal,SPSA,61,0.7027467926319636
Xavier-normal,Powell,94,0.9999721796692033
Xavier-normal,SPSA,73,0.6982928355751663
Xavier-normal,SPSA,74,0.7069884747125081
Xavier-normal,SPSA,67,0.7189318284809673
Xavier-normal,SPSA,70,0.6805776223792485
Xavier-normal,SPSA,69,0.6681696815998859
Xavier-normal,SPSA,71,0.6938819548497297
Xavier-normal,SPSA,68,0.6953467968583458
Xavier-normal,SPSA,72,0.6876789157023336
Xavier-normal,SPSA,78,0.6992807266031607
Xavier-normal,SPSA,75,0.7252071749608948
Xavier-normal,SPSA,77,0.7101633766407397
Xavier-normal,SPSA,79,0.6857871585789196
Xavier-normal,SPSA,84,0.6891659909593133
Xavier-normal,SPSA,80,0.6699131831943781
Xavier-normal,SPSA,81,0.7004143175713323
Xavier-normal,SPSA,82,0.7160339823154759
Xavier-normal,SPSA,92,0.6854996241945316
Xavier-normal,SPSA,90,0.7220173525974309
Xavier-normal,SPSA,83,0.7008580866388076
Xavier-normal,SPSA,85,0.6992260169025308
Xavier-normal,SPSA,86,0.7033154463534612
Xavier-normal,SPSA,87,0.7046979025472333
Xavier-normal,SPSA,88,0.6910844976787205
Xavier-normal,SPSA,89,0.6973984761412051
Xavier-normal,SPSA,91,0.7134992573963517
GMM,COBYLA,0,0.9971556213370113
GMM,COBYLA,1,0.9962064487186694
GMM,COBYLA,2,0.9599867437418121
GMM,COBYLA,3,0.9975849509312257
GMM,COBYLA,4,0.999244533443381
GMM,COBYLA,5,0.9959699929085933
Xavier-normal,SPSA,93,0.7424511833945762
Xavier-normal,SPSA,94,0.6971945580042903
Xavier-normal,SPSA,95,0.7124461628732847
Xavier-normal,SPSA,96,0.6933630569663122
GMM,COBYLA,7,0.9956096248910297
GMM,COBYLA,8,0.9994139660337916
Xavier-normal,SPSA,97,0.6786486871570662
GMM,COBYLA,6,0.995208705760605
GMM,COBYLA,9,0.9932704402947589
Xavier-normal,SPSA,98,0.6971765446694468
GMM,COBYLA,10,0.9969042782258519
Xavier-normal,SPSA,99,0.7042054103554442
GMM,COBYLA,11,0.9973700023299816
GMM,COBYLA,12,0.9947968776742078
GMM,COBYLA,13,0.9889928918600878
GMM,COBYLA,15,0.996173969056087
GMM,COBYLA,14,0.9953041934817817
GMM,COBYLA,16,0.979957500724257
GMM,COBYLA,17,0.9995157147832169
GMM,COBYLA,19,0.9991759908756375
GMM,COBYLA,18,0.9945299869635675
GMM,COBYLA,20,0.9990830925552853
GMM,COBYLA,22,0.9946758766538155
GMM,COBYLA,23,0.9936598650392308
GMM,COBYLA,24,0.9756371678430735
GMM,COBYLA,21,0.9490621738422637
Xavier-normal,Powell,98,0.9999241980670608
GMM,COBYLA,25,0.9895411089682915
GMM,COBYLA,26,0.9990624204098262
GMM,COBYLA,27,0.9987090539656064
GMM,COBYLA,28,0.9991215273308942
GMM,COBYLA,29,0.9899235839778285
GMM,COBYLA,30,0.9913984666817797
GMM,COBYLA,31,0.9780355698010453
GMM,COBYLA,32,0.9722586317344996
GMM,COBYLA,33,0.9949971747688762
GMM,COBYLA,34,0.9549328936054562
GMM,COBYLA,35,0.9877700465060686
GMM,COBYLA,36,0.9739230961019877
GMM,COBYLA,37,0.9817630207033432
GMM,COBYLA,38,0.9991323981383232
GMM,COBYLA,39,0.9989182744984866
GMM,COBYLA,40,0.9881884769918502
GMM,COBYLA,41,0.9981618195612485
GMM,COBYLA,42,0.9982697818156543
GMM,COBYLA,43,0.9975130822748618
GMM,COBYLA,44,0.9927469958575476
GMM,COBYLA,45,0.9837735233695075
GMM,COBYLA,46,0.9977545614680132
Xavier-normal,Powell,95,0.9999066629389727
GMM,COBYLA,47,0.9828396900108052
Xavier-normal,Powell,99,0.9999553336541034
GMM,COBYLA,48,0.9979555797062393
GMM,COBYLA,49,0.9949296854227566
GMM,COBYLA,50,0.9984535187634926
GMM,COBYLA,51,0.9932960183354117
GMM,COBYLA,53,0.9992764089935333
GMM,COBYLA,52,0.996221335784913
GMM,COBYLA,54,0.9758221889876051
GMM,COBYLA,56,0.9925001428700759
GMM,COBYLA,57,0.9958515553574914
GMM,COBYLA,58,0.9987441337773533
GMM,COBYLA,55,0.9949123313564472
GMM,COBYLA,59,0.9714579401547585
GMM,COBYLA,60,0.998678758147793
GMM,COBYLA,61,0.9924569992440716
GMM,COBYLA,62,0.9903205177017941
GMM,COBYLA,63,0.9981544130534094
GMM,COBYLA,64,0.9910754774695031
GMM,COBYLA,65,0.9984997084243935
GMM,COBYLA,66,0.9948734618271072
GMM,COBYLA,67,0.9832030234173371
GMM,COBYLA,70,0.9990683142011367
GMM,COBYLA,68,0.9993024590590328
GMM,COBYLA,71,0.9921746032395461
GMM,COBYLA,69,0.9987375279447713
GMM,COBYLA,72,0.9887171925628142
GMM,COBYLA,73,0.9959794126340377
GMM,COBYLA,74,0.9992881428456918
GMM,COBYLA,75,0.9978624314614086
GMM,COBYLA,77,0.9993980748890232
GMM,COBYLA,76,0.9882047533811736
GMM,COBYLA,78,0.9976048775467614
GMM,COBYLA,79,0.9984808334294889
GMM,COBYLA,80,0.9966680701758848
GMM,COBYLA,81,0.9759694389371194
GMM,COBYLA,82,0.9953406395067548
GMM,COBYLA,83,0.994196959233785
GMM,COBYLA,84,0.9986522880688411
GMM,COBYLA,85,0.9965226442019014
GMM,COBYLA,86,0.9973923551416738
GMM,COBYLA,88,0.9963241786231319
GMM,COBYLA,90,0.9628096153440329
GMM,COBYLA,87,0.9991621681191499
GMM,COBYLA,89,0.9970175663284615
GMM,COBYLA,91,0.9995641801433491
GMM,COBYLA,92,0.9893783771133486
GMM,COBYLA,93,0.9960324510807887
GMM,COBYLA,94,0.988813574939879
GMM,COBYLA,97,0.9815254463212657
GMM,COBYLA,96,0.992948945387778
GMM,COBYLA,95,0.9964367086248572
GMM,COBYLA,98,0.9963513765215812
GMM,COBYLA,99,0.9987436943360015
Xavier-normal,Powell,97,0.9999368729069705
Xavier-normal,Powell,96,0.9999543471504999
GMM,Powell,1,0.9999874577088055
GMM,Powell,18,0.9999853192709972
GMM,Powell,16,0.9999755945445685
GMM,Powell,5,0.9999912659946582
GMM,Powell,6,0.9999928940279089
GMM,Powell,0,0.999987277849818
GMM,Powell,9,0.9999710856099333
GMM,Powell,4,0.9999933682281075
GMM,Powell,11,0.9999955494955084
GMM,Powell,3,0.9999822977419562
GMM,Powell,2,0.9999791114532538
GMM,Powell,7,0.9999938704328895
GMM,Powell,13,0.9999806450622026
GMM,Powell,14,0.9999818156560172
GMM,Powell,10,0.9999766762766971
GMM,Powell,21,0.9999844935583992
GMM,Powell,12,0.999962804608629
GMM,Powell,17,0.9999802886361068
GMM,Powell,8,0.9999771518691213
GMM,Powell,22,0.9999768048942451
GMM,Powell,20,0.9999867247276267
GMM,Powell,23,0.9999795708471602
GMM,Powell,19,0.999963928947953
GMM,Powell,15,0.9999875053397774
GMM,Powell,28,0.9999786142103673
GMM,Powell,25,0.9999830238254167
GMM,Powell,26,0.9999729343729922
GMM,Powell,27,0.9999866783125806
GMM,Powell,33,0.99998264864515
GMM,Powell,32,0.9999856741896547
GMM,Powell,29,0.9999834320488238
GMM,Powell,31,0.9999787408277327
GMM,Powell,30,0.999981058625083
GMM,Powell,34,0.9999869627798268
GMM,Powell,41,0.9999419973473654
GMM,Powell,35,0.9999712161221571
GMM,Powell,38,0.9999930726181265
GMM,Powell,36,0.9999900792081795
GMM,Powell,40,0.9999883883392127
GMM,Powell,42,0.9999856916623472
GMM,Powell,43,0.9999768944777048
GMM,Powell,49,0.9999906699720031
GMM,Powell,47,0.999978616241947
GMM,Powell,24,0.9999597451667451
GMM,Powell,45,0.9999765899780582
GMM,Powell,44,0.9999868126220409
GMM,Powell,48,0.9999925501659217
GMM,Powell,37,0.9999911570943127
GMM,Powell,46,0.9999762460688743
GMM,Powell,39,0.9999738004898933
GMM,Powell,50,0.9999806491700917
GMM,Powell,51,0.9999891720243358
GMM,Powell,59,0.9999800955812923
GMM,Powell,54,0.9999813182762817
GMM,Powell,57,0.9999756365610758
GMM,Powell,56,0.9999880054549487
GMM,Powell,60,0.9999614127711856
GMM,Powell,53,0.999990928518812
GMM,Powell,55,0.9999835270312336
GMM,Powell,52,0.9999770596545094
GMM,Powell,68,0.9999838402560011
GMM,Powell,65,0.9999949190328029
GMM,Powell,71,0.999978192482627
GMM,Powell,58,0.9999767862569588
GMM,Powell,69,0.9999813495272997
GMM,Powell,63,0.9999879984695639
GMM,Powell,73,0.9999644683242367
GMM,Powell,61,0.9999808397026587
GMM,Powell,72,0.9999911016552877
GMM,Powell,64,0.9999820077864665
GMM,Powell,70,0.9999888216881565
GMM,Powell,67,0.9999684462494157
GMM,Powell,74,0.9999789921621736
GMM,Powell,75,0.9999868758517348
GMM,Powell,62,0.9999731674697502
GMM,Powell,81,0.9999855525686879
GMM,Powell,66,0.9999749127286056
GMM,Powell,79,0.9999806214096522
GMM,Powell,76,0.9999813985933832
GMM,Powell,82,0.9999876397450169
GMM,Powell,77,0.999976636314474
GMM,Powell,85,0.9999844632669235
GMM,Powell,91,0.9999582066360595
GMM,Powell,78,0.9999735007225715
GMM,SPSA,0,0.6763724525528858
GMM,SPSA,1,0.7276419313513643
GMM,Powell,86,0.9999724567161481
GMM,SPSA,3,0.6899875483493149
GMM,SPSA,2,0.7070361063704822
GMM,Powell,80,0.9999789331034202
GMM,Powell,84,0.9999664840354826
GMM,SPSA,4,0.7175252773438879
GMM,SPSA,5,0.8579041545688696
GMM,Powell,88,0.9999724967082338
GMM,SPSA,6,0.8573361114837641
GMM,SPSA,7,0.9570282187508466
GMM,SPSA,8,0.7119355436459942
GMM,SPSA,12,0.6777097942682927
GMM,SPSA,17,0.6934013355647854
GMM,Powell,94,0.9999729972042972
GMM,Powell,92,0.9999815969809552
GMM,SPSA,9,0.6987022754843287
GMM,SPSA,20,0.6777544351386003
GMM,SPSA,10,0.7326713249460234
GMM,Powell,89,0.9999797182725992
GMM,SPSA,11,0.7190786869348229
GMM,SPSA,13,0.6879276569819278
GMM,SPSA,15,0.7247277252549283
GMM,SPSA,14,0.6743153512762344
GMM,SPSA,21,0.6831595570389921
GMM,SPSA,16,0.725631232051444
GMM,Powell,87,0.9999810895030331
GMM,SPSA,18,0.717789248629087
GMM,SPSA,32,0.48797579826492715
GMM,Powell,83,0.9999660197709079
GMM,SPSA,19,0.6970167077424435
GMM,SPSA,35,0.6824198415333119
GMM,Powell,93,0.9999936940111487
GMM,SPSA,22,0.7031538562612598
GMM,SPSA,23,0.6949882857792451
GMM,SPSA,24,0.6907742253167265
GMM,SPSA,26,0.7043198498849091
GMM,SPSA,25,0.748976282713796
GMM,SPSA,27,0.9197171548419385
GMM,SPSA,28,0.7086754297085455
GMM,SPSA,30,0.7524449770345015
GMM,Powell,90,0.999978985888935
GMM,SPSA,29,0.6998761067525012
GMM,SPSA,31,0.7012822093105509
GMM,SPSA,45,0.6799067469291604
GMM,SPSA,33,0.934649380326696
GMM,SPSA,34,0.7072580348416748
GMM,SPSA,50,0.6900475506665601
GMM,Powell,96,0.9999869968035662
GMM,SPSA,36,0.7348071857624493
GMM,SPSA,40,0.6749094612284435
GMM,Powell,95,0.9999937912653181
GMM,SPSA,38,0.7304400872839009
GMM,SPSA,56,0.4524129314560708
GMM,SPSA,52,0.6805898368673642
GMM,SPSA,37,0.7132528733283133
GMM,SPSA,39,0.8551665264729889
GMM,SPSA,41,0.7006947807497517
GMM,SPSA,44,0.7176282953165813
GMM,SPSA,43,0.9345368755964626
GMM,SPSA,42,0.691294134420902
GMM,SPSA,48,0.7076280620774503
GMM,SPSA,46,0.7176057214924947
GMM,SPSA,49,0.7244344763023923
GMM,SPSA,47,0.683598665367867
GMM,SPSA,51,0.7301255985923188
GMM,SPSA,53,0.946026923837374
GMM,SPSA,54,0.7188822002091387
GMM,SPSA,58,0.7444179044844749
GMM,SPSA,69,0.6625071826749492
GMM,SPSA,71,0.6378796894915747
GMM,SPSA,55,0.8479995072462253
GMM,SPSA,57,0.7058914741515492
GMM,SPSA,61,0.7053244420831996
GMM,SPSA,59,0.8266544191416094
GMM,SPSA,78,0.7795599064004938
GMM,Powell,97,0.9999942109821096
GMM,SPSA,60,0.6861838519835527
GMM,SPSA,76,0.6591471582613696
GMM,SPSA,62,0.847894390798503
GMM,SPSA,63,0.7507660443985021
GMM,SPSA,64,0.8558552775435929
GMM,SPSA,66,0.6849093250328139
GMM,SPSA,68,0.7116048677162626
GMM,SPSA,70,0.7953968690809229
GMM,SPSA,84,0.6282762047821111
GMM,SPSA,65,0.6939042561545308
GMM,SPSA,67,0.7085194148956256
GMM,SPSA,72,0.7888311221763101
GMM,SPSA,73,0.8361856359578561
GMM,SPSA,75,0.6762074396068534
GMM,SPSA,77,0.7088177066128318
GMM,Powell,98,0.999964565983701
GMM,SPSA,74,0.7056213293718686
GMM,SPSA,79,0.7023608067357324
GMM,SPSA,80,0.6762422503290985
GMM,SPSA,81,0.6846680420629659
GMM,SPSA,94,0.8774722899114782
GMM,SPSA,82,0.7507052754162042
GMM,SPSA,83,0.7476721103060664
GMM,SPSA,85,0.8067475145377013
GMM,SPSA,86,0.6961979618564649
uniform,COBYLA,0,0.923070589625586
uniform,COBYLA,1,0.9504566904642645
GMM,SPSA,87,0.7112140205378287
uniform,COBYLA,2,0.9184520290110582
uniform,COBYLA,4,0.9272077445813393
GMM,SPSA,89,0.6705593940676227
GMM,SPSA,88,0.6735096579623095
GMM,SPSA,90,0.8445386980090676
uniform,COBYLA,3,0.9561565373319064
GMM,SPSA,91,0.8989570536487328
GMM,SPSA,93,0.7277688641109357
GMM,SPSA,92,0.7242265578044468
uniform,COBYLA,5,0.9485603515066102
uniform,COBYLA,6,0.9413990084771958
uniform,COBYLA,7,0.9254339115821972
uniform,COBYLA,8,0.954581667840027
GMM,SPSA,95,0.6951203548791288
uniform,COBYLA,9,0.9415499085269909
GMM,SPSA,96,0.6854976466522418
GMM,SPSA,99,0.6803023723996784
uniform,COBYLA,10,0.9329693652878317
uniform,COBYLA,11,0.9224963761260829
uniform,COBYLA,12,0.9533761626697292
GMM,SPSA,98,0.7094594132171378
uniform,COBYLA,14,0.9562898612399222
uniform,COBYLA,13,0.9309110576001098
uniform,COBYLA,15,0.9320224235336674
GMM,Powell,99,0.9999808994377549
GMM,SPSA,97,0.6986428641674581
uniform,COBYLA,17,0.9393247528237323
uniform,COBYLA,16,0.9395071191349612
uniform,COBYLA,18,0.9467444793750349
uniform,COBYLA,19,0.9493180425952173
uniform,COBYLA,20,0.9579872917904424
uniform,COBYLA,21,0.942883468857678
uniform,COBYLA,22,0.9596322122639208
uniform,COBYLA,24,0.9283366964536756
uniform,COBYLA,23,0.9649120412106208
uniform,COBYLA,25,0.9468367503420461
uniform,COBYLA,26,0.903040778698864
uniform,COBYLA,27,0.9190043194066851
uniform,COBYLA,28,0.950669246865325
uniform,COBYLA,29,0.9438629619926391
uniform,COBYLA,31,0.9107952798085295
uniform,COBYLA,30,0.923982910940588
uniform,COBYLA,32,0.9378274856140942
uniform,COBYLA,33,0.944633942089815
uniform,COBYLA,34,0.936013411297043
uniform,COBYLA,36,0.9272784394775883
uniform,COBYLA,35,0.930773302109036
uniform,COBYLA,37,0.9418587867944189
uniform,COBYLA,38,0.9396642725449811
uniform,COBYLA,40,0.9529580415675764
uniform,COBYLA,39,0.9544143594602862
uniform,COBYLA,41,0.9384781364869998
uniform,COBYLA,42,0.944652375481451
uniform,COBYLA,43,0.9362597430956994
uniform,COBYLA,44,0.9369782528101598
uniform,COBYLA,45,0.9413048851763021
uniform,COBYLA,46,0.9386847043204702
uniform,COBYLA,47,0.9539844403563889
uniform,COBYLA,48,0.9103036119720638
uniform,COBYLA,49,0.9539427698791846
uniform,COBYLA,50,0.9549843100487353
uniform,COBYLA,52,0.917678075993407
uniform,COBYLA,51,0.9456580335302005
uniform,COBYLA,54,0.9430691536020224
uniform,COBYLA,53,0.9308745772146725
uniform,COBYLA,55,0.9571603945907109
uniform,COBYLA,56,0.9222227312308284
uniform,COBYLA,57,0.9493874343083539
uniform,COBYLA,59,0.953521869078036
uniform,COBYLA,61,0.9286502708941414
uniform,COBYLA,60,0.9406166863096417
uniform,COBYLA,58,0.9430990070957221
uniform,COBYLA,63,0.9560243835745755
uniform,COBYLA,62,0.9535884468297672
uniform,COBYLA,64,0.9516815028067644
uniform,COBYLA,65,0.9337926672780664
uniform,COBYLA,66,0.958299556011973
uniform,COBYLA,68,0.9411075957977544
uniform,COBYLA,67,0.9260185747363501
uniform,COBYLA,70,0.9255084594148222
uniform,COBYLA,69,0.9579345308388537
uniform,COBYLA,71,0.8952847491836576
uniform,COBYLA,73,0.910954367645099
uniform,COBYLA,72,0.9405857315650779
uniform,COBYLA,75,0.9457778639000242
uniform,COBYLA,74,0.9495149265560401
uniform,COBYLA,79,0.9433033075140141
uniform,COBYLA,78,0.9272335589987508
uniform,COBYLA,80,0.9263572479181067
uniform,COBYLA,76,0.9596183119886506
uniform,COBYLA,82,0.9401308204391331
uniform,COBYLA,77,0.9296867973977989
uniform,COBYLA,83,0.9433748056188399
uniform,COBYLA,84,0.9496270997342486
uniform,COBYLA,81,0.9404452910779023
uniform,COBYLA,85,0.9514400892033429
uniform,COBYLA,86,0.9070742635143051
uniform,COBYLA,87,0.9416914058781214
uniform,COBYLA,88,0.9557683457684903
uniform,COBYLA,89,0.9286088698812868
uniform,COBYLA,90,0.9122964825252178
uniform,COBYLA,91,0.9424162180019147
uniform,COBYLA,92,0.9505379526207393
uniform,COBYLA,94,0.9533385709819538
uniform,COBYLA,93,0.9185332575470257
uniform,COBYLA,96,0.9500093778154769
uniform,COBYLA,95,0.9500952347796003
uniform,COBYLA,97,0.9447133623170358
uniform,COBYLA,98,0.9266770890738218
uniform,COBYLA,99,0.9334914842178336
uniform,Powell,5,0.999998137600864
uniform,Powell,10,0.9999945988665137
uniform,Powell,17,0.9999938709799173
uniform,Powell,6,0.9999936139277751
uniform,Powell,2,0.9999915926159227
uniform,Powell,0,0.9999968574984686
uniform,Powell,8,0.9999874663537099
uniform,Powell,15,0.9999833535315876
uniform,Powell,7,0.999989605411961
uniform,Powell,4,0.999979331270797
uniform,Powell,18,0.999984041372604
uniform,Powell,13,0.999979049078115
uniform,Powell,12,0.9999888321199052
uniform,Powell,9,0.9999888424020169
uniform,Powell,16,0.9999840796046473
uniform,Powell,14,0.9999905321741632
uniform,Powell,1,0.9999970180035086
uniform,Powell,19,0.99998652844466
uniform,Powell,3,0.9999828474571303
uniform,Powell,20,0.9999885251709634
uniform,Powell,11,0.9999821247233406
uniform,Powell,26,0.9999913637994915
uniform,Powell,22,0.9999982046578728
uniform,Powell,21,0.999994666683137
uniform,Powell,24,0.9999867426477588
uniform,Powell,30,0.9999937509421423
uniform,Powell,28,0.9999947575315437
uniform,Powell,25,0.9999871335574794
uniform,Powell,33,0.9999944042490823
uniform,Powell,27,0.9999879386796039
uniform,Powell,23,0.9999826934072457
uniform,Powell,39,0.9999829992380675
uniform,Powell,34,0.9999890599447367
uniform,Powell,41,0.9999963177102662
uniform,Powell,29,0.999972007153067
uniform,Powell,35,0.999986859474263
uniform,Powell,37,0.9999969917068988
uniform,Powell,44,0.9999931477725196
uniform,Powell,40,0.999989069122843
uniform,Powell,32,0.9999828817794322
uniform,Powell,38,0.999990731117929
uniform,Powell,45,0.9999896640256405
uniform,Powell,43,0.9999880932285808
uniform,Powell,48,0.9999856470740288
uniform,Powell,31,0.9999970361335656
uniform,Powell,47,0.99999283312193
uniform,Powell,42,0.9999896368891498
uniform,Powell,36,0.9999784172649074
uniform,Powell,46,0.9999906836402341
uniform,Powell,49,0.9999856414763182
uniform,Powell,55,0.9999932933424808
uniform,Powell,50,0.999987171731438
uniform,Powell,53,0.9999924080121685
uniform,Powell,57,0.9999942592933011
uniform,Powell,64,0.9999960472376466
uniform,Powell,59,0.9999942983808425
uniform,Powell,61,0.9999868484130132
uniform,Powell,54,0.9999872961799472
uniform,Powell,62,0.9999945405380507
uniform,Powell,51,0.9999823827143974
uniform,Powell,52,0.9999810685814253
uniform,Powell,60,0.9999930262990684
uniform,Powell,68,0.9999947732168036
uniform,Powell,58,0.9999993698308709
uniform,Powell,63,0.9999897204442048
uniform,Powell,56,0.9999978552846841
uniform,Powell,71,0.9999952404996958
uniform,Powell,65,0.9999803152180792
uniform,Powell,67,0.9999927680569395
uniform,Powell,77,0.9999921493169682
uniform,Powell,66,0.9999860647938492
uniform,Powell,72,0.99999300062273
uniform,Powell,74,0.9999787575345747
uniform,Powell,79,0.9999896573093573
uniform,Powell,69,0.9999856593079662
uniform,Powell,78,0.9999961772684014
uniform,Powell,83,0.9999898966908023
uniform,Powell,70,0.9999779508000798
uniform,Powell,76,0.9999916802863066
uniform,Powell,87,0.9999935263239103
uniform,Powell,81,0.9999910018283258
uniform,Powell,75,0.9999885083947093
uniform,SPSA,0,0.6824045994321142
uniform,SPSA,1,0.7075409197114247
uniform,Powell,80,0.9999954767056204
uniform,Powell,82,0.9999905580526844
uniform,SPSA,2,0.6927737485561486
uniform,SPSA,3,0.7199141155776558
uniform,SPSA,7,0.6710118873284672
uniform,Powell,84,0.9999898345935768
uniform,SPSA,4,0.6823367245245026
uniform,SPSA,5,0.71250193355363
uniform,SPSA,6,0.6975916780247726
uniform,Powell,73,0.9999970724180836
uniform,SPSA,8,0.6865068097433147
uniform,SPSA,9,0.687914649391212
uniform,SPSA,10,0.6788426588797296
uniform,SPSA,11,0.6922021709089553
uniform,SPSA,12,0.6956377904090986
uniform,SPSA,13,0.6858341163072449
uniform,SPSA,19,0.665646804776853
uniform,SPSA,15,0.6798978202290169
uniform,SPSA,14,0.7501781468513269
uniform,SPSA,18,0.6799662408598882
uniform,SPSA,16,0.6778177870567131
uniform,SPSA,17,0.6931079001455263
uniform,SPSA,20,0.6512658508455231
uniform,SPSA,26,0.6804593142421083
uniform,SPSA,21,0.6863623713272319
uniform,SPSA,22,0.6913886512458051
uniform,SPSA,23,0.6808042992813869
uniform,SPSA,24,0.7002540713496207
uniform,SPSA,25,0.6976665349254325
uniform,SPSA,28,0.6735259604391299
uniform,SPSA,27,0.7182567131731092
uniform,Powell,88,0.9999893637576303
uniform,SPSA,32,0.695300014332203
uniform,SPSA,35,0.696346739024869
uniform,SPSA,29,0.7352091107480306
uniform,SPSA,30,0.6797502484481391
uniform,Powell,86,0.9999881821937514
uniform,SPSA,31,0.6816035394905201
uniform,SPSA,33,0.7313366771180693
uniform,SPSA,39,0.6949536360241103
uniform,SPSA,34,0.7061665886273042
uniform,SPSA,36,0.7098132368948874
uniform,SPSA,44,0.6865680091701059
uniform,SPSA,37,0.7054895811605096
uniform,SPSA,38,0.6983859761524386
uniform,SPSA,40,0.6822966615841309
uniform,SPSA,41,0.6961741173398994
uniform,SPSA,49,0.6286651502335565
uniform,SPSA,42,0.6747538707930895
uniform,SPSA,50,0.6711851513897767
uniform,SPSA,43,0.696640603867973
uniform,SPSA,45,0.7009469377013563
uniform,SPSA,46,0.6770807868162546
uniform,SPSA,47,0.673624546581258
uniform,SPSA,48,0.734810575016781
uniform,SPSA,53,0.6660771402261846
uniform,SPSA,51,0.6899864843706267
uniform,SPSA,52,0.6780591726907071
uniform,SPSA,54,0.7151965450848127
uniform,SPSA,58,0.7630012764150447
uniform,SPSA,59,0.6853084443198837
uniform,SPSA,62,0.667948645530213
uniform,SPSA,55,0.6861478381447229
uniform,SPSA,56,0.7049508895309077
uniform,SPSA,57,0.6833929766588687
uniform,SPSA,65,0.6834884569921167
uniform,SPSA,60,0.6861592973921702
uniform,SPSA,61,0.7298731671529628
uniform,SPSA,63,0.6895652017159988
uniform,Powell,90,0.9999675169335321
uniform,SPSA,68,0.674493821028925
uniform,SPSA,64,0.6978649688293348
uniform,SPSA,66,0.691564243371994
uniform,SPSA,67,0.7017587590318631
uniform,SPSA,69,0.7332554399548796
uniform,SPSA,70,0.6773822518011354
uniform,SPSA,79,0.6564645099920899
uniform,Powell,94,0.9999944586765438
uniform,SPSA,71,0.690733232514522
uniform,SPSA,72,0.7005336155735065
uniform,SPSA,73,0.6951224198904915
uniform,SPSA,74,0.6886980325817339
uniform,SPSA,75,0.7089199363649842
uniform,SPSA,84,0.6646989362525031
uniform,SPSA,76,0.6960499853904196
uniform,SPSA,77,0.7021868311494026
uniform,SPSA,86,0.6569640396327541
uniform,SPSA,78,0.6993978175861207
uniform,SPSA,80,0.7228502182226607
uniform,Powell,95,0.9999925919240827
uniform,SPSA,81,0.700793249130636
uniform,SPSA,87,0.7242876140859268
uniform,SPSA,82,0.7425596892533001
uniform,SPSA,95,0.674739516402384
uniform,SPSA,83,0.6808296021829754
uniform,SPSA,93,0.6940626221123108
uniform,SPSA,85,0.6814440263629421
uniform,SPSA,96,0.6707821958374984
uniform,SPSA,88,0.6839856133743142
uniform,SPSA,89,0.6873871416972047
uniform,SPSA,90,0.7107279129309108
uniform,SPSA,91,0.7039113609690498
uniform,SPSA,92,0.7195774165468296
uniform,SPSA,94,0.7121669222869786
uniform,Powell,93,0.9999872842020756
uniform,SPSA,97,0.701980319527363
uniform,SPSA,99,0.6866925640393736
uniform,SPSA,98,0.6741721322904526
uniform,Powell,91,0.9999890041316769
uniform,Powell,98,0.9999946185852003
uniform,Powell,92,0.9999802751514033
uniform,Powell,85,0.9999968191953656
uniform,Powell,96,0.999977788862946
uniform,Powell,89,0.9999802288772304
uniform,Powell,97,0.9999813504300015
uniform,Powell,99,0.99998482772814
