metric,n,problem_seed,method,value
loss_variance,3,0,reduced-domain,0.010609185443314854
loss_variance,3,0,Gaussian,0.003086505927063171
loss_variance,3,0,small,2.5307452279375545e-06
loss_variance,3,0,MBL,0.0004509356108410673
loss_variance,3,0,Xavier-normal,0.10573331588390672
loss_variance,3,0,Xavier-uniform,0.11520855216504236
loss_variance,3,0,GMM,0.5923676304811807
loss_variance,3,0,uniform,0.11599342051715995
loss_variance,5,0,reduced-domain,0.0318661873292451
loss_variance,5,0,Gaussian,0.009674651611129743
loss_variance,5,0,small,3.81880314553647e-07
loss_variance,5,0,MBL,0.005614626516273465
loss_variance,5,0,Xavier-normal,0.032910874190587434
loss_variance,5,0,Xavier-uniform,0.03319223953914489
loss_variance,5,0,GMM,0.6434725865912997
loss_variance,5,0,uniform,0.03042647490270723
loss_variance,7,0,reduced-domain,0.022771945964680126
loss_variance,7,0,Gaussian,0.007195549118347462
loss_variance,7,0,small,5.486542321338444e-08
loss_variance,7,0,MBL,0.007810402087974233
loss_variance,7,0,Xavier-normal,0.029343941784481343
loss_variance,7,0,Xavier-uniform,0.02786339675532189
loss_variance,7,0,GMM,0.6126859794135802
loss_variance,7,0,uniform,0.007424850171663417
loss_variance,9,0,reduced-domain,0.021606073846719483
loss_variance,9,0,Gaussian,0.006914696347519421
loss_variance,9,0,small,1.3979529020702005e-08
loss_variance,9,0,MBL,0.011503029326729728
loss_variance,9,0,Xavier-normal,0.017625950642795315
loss_variance,9,0,Xavier-uniform,0.014816530713798293
loss_variance,9,0,GMM,0.6191667789831824
loss_variance,9,0,uniform,0.0020626684129146744
loss_variance,11,0,reduced-domain,0.008815061097281224
loss_variance,11,0,Gaussian,0.002826767252620169
loss_variance,11,0,small,2.093325927029198e-09
loss_variance,11,0,MBL,0.005267329938262615
loss_variance,11,0,Xavier-normal,0.019550649294873053
loss_variance,11,0,Xavier-uniform,0.019229546926099655
loss_variance,11,0,GMM,0.6113114318189207
loss_variance,11,0,uniform,0.0005826198279463351
loss_variance,13,0,reduced-domain,0.016478897803517405
loss_variance,13,0,Gaussian,0.005068088329968182
loss_variance,13,0,small,1.5940235382052293e-09
loss_variance,13,0,MBL,0.01347401929638446
loss_variance,13,0,Xavier-normal,0.016655897260939693
loss_variance,13,0,Xavier-uniform,0.01583711706825121
loss_variance,13,0,GMM,0.5732916944631933
loss_variance,13,0,uniform,0.00012703171470059243
loss_variance,15,0,reduced-domain,0.019926690520325356
loss_variance,15,0,Gaussian,0.006577276534729067
loss_variance,15,0,small,1.0025945288835025e-09
loss_variance,15,0,MBL,0.019415393764672776
loss_variance,15,0,Xavier-normal,0.015254106975324618
loss_variance,15,0,Xavier-uniform,0.013620130938297191
loss_variance,15,0,GMM,0.6150029469266722
loss_variance,15,0,uniform,3.2168788973832726e-05
loss_variance,17,0,reduced-domain,0.024107101365483906
loss_variance,17,0,Gaussian,0.006384915082247811
loss_variance,17,0,small,6.445869956139414e-10
loss_variance,17,0,MBL,0.022761239884228155
loss_variance,17,0,Xavier-normal,0.017446586682470552
loss_variance,17,0,Xavier-uniform,0.018054007914396545
loss_variance,17,0,GMM,0.6203881529137533
loss_variance,17,0,uniform,9.79628038969553e-06
loss_variance,19,0,reduced-domain,0.017329370211255347
loss_variance,19,0,Gaussian,0.006703095563884582
loss_variance,19,0,small,3.30830254152673e-10
loss_variance,19,0,MBL,0.023146394407898636
loss_variance,19,0,Xavier-normal,0.013563093660860856
loss_variance,19,0,Xavier-uniform,0.01246505283117494
loss_variance,19,0,GMM,0.6446606403854825
loss_variance,19,0,uniform,2.487163718177811e-06
loss_variance,3,1,reduced-domain,0.03411041372831455
loss_variance,3,1,Gaussian,0.008492159825724184
loss_variance,3,1,small,9.668489460914263e-06
loss_variance,3,1,MBL,0.0014555312933008943
loss_variance,3,1,Xavier-normal,0.12532834786226318
loss_variance,3,1,Xavier-uniform,0.12881197483307752
loss_variance,3,1,GMM,0.6529651572108344
loss_variance,3,1,uniform,0.11715836912358524
loss_variance,5,1,reduced-domain,0.01850577230817895
loss_variance,5,1,Gaussian,0.00528566325085672
loss_variance,5,1,small,2.253934068683173e-07
loss_variance,5,1,MBL,0.002771476456292189
loss_variance,5,1,Xavier-normal,0.04987757239592375
loss_variance,5,1,Xavier-uniform,0.046205814803881244
loss_variance,5,1,GMM,0.5815049635734012
loss_variance,5,1,uniform,0.03296778386202025
loss_variance,7,1,reduced-domain,0.019794669454831843
loss_variance,7,1,Gaussian,0.006243360655274236
loss_variance,7,1,small,4.571346018277298e-08
loss_variance,7,1,MBL,0.007504231440747865
loss_variance,7,1,Xavier-normal,0.02117735270822109
loss_variance,7,1,Xavier-uniform,0.021694564214006007
loss_variance,7,1,GMM,0.6383978896702733
loss_variance,7,1,uniform,0.007632854285870859
loss_variance,9,1,reduced-domain,0.01452531316739589
loss_variance,9,1,Gaussian,0.0048527954800269045
loss_variance,9,1,small,9.902754525463437e-09
loss_variance,9,1,MBL,0.007801139366447444
loss_variance,9,1,Xavier-normal,0.022185962738191487
loss_variance,9,1,Xavier-uniform,0.02016971844966522
loss_variance,9,1,GMM,0.5821740679524628
loss_variance,9,1,uniform,0.0019722873589880473
loss_variance,11,1,reduced-domain,0.014574945072827129
loss_variance,11,1,Gaussian,0.0043774210904632
loss_variance,11,1,small,3.4501233980583187e-09
loss_variance,11,1,MBL,0.010505094461826799
loss_variance,11,1,Xavier-normal,0.01274911380769074
loss_variance,11,1,Xavier-uniform,0.013403507134766962
loss_variance,11,1,GMM,0.6421209897802784
loss_variance,11,1,uniform,0.000516305478946176
loss_variance,13,1,reduced-domain,0.01586119328791999
loss_variance,13,1,Gaussian,0.005240561465893701
loss_variance,13,1,small,1.7452720568490639e-09
loss_variance,13,1,MBL,0.013713966401856839
loss_variance,13,1,Xavier-normal,0.013433479383622233
loss_variance,13,1,Xavier-uniform,0.012601063652269824
loss_variance,13,1,GMM,0.6325245475869143
loss_variance,13,1,uniform,0.00013399269202810064
loss_variance,15,1,reduced-domain,0.02471005887641637
loss_variance,15,1,Gaussian,0.007712017588621216
loss_variance,15,1,small,1.1270802923829992e-09
loss_variance,15,1,MBL,0.025288587385845655
loss_variance,15,1,Xavier-normal,0.015273721138905344
loss_variance,15,1,Xavier-uniform,0.015588538853144412
loss_variance,15,1,GMM,0.6210997441349824
loss_variance,15,1,uniform,3.263943655030949e-05
loss_variance,17,1,reduced-domain,0.01975217519673813
loss_variance,17,1,Gaussian,0.00619393290903422
loss_variance,17,1,small,6.333887879280757e-10
loss_variance,17,1,MBL,0.02396993080556483
loss_variance,17,1,Xavier-normal,0.014839805242837588
loss_variance,17,1,Xavier-uniform,0.014451288371629066
loss_variance,17,1,GMM,0.6444841215029905
loss_variance,17,1,uniform,9.16183252521304e-06
loss_variance,19,1,reduced-domain,0.016447553340944467
loss_variance,19,1,Gaussian,0.004751838817117008
loss_variance,19,1,small,2.4860480905718406e-10
loss_variance,19,1,MBL,0.016344090560436682
loss_variance,19,1,Xavier-normal,0.012858279230827855
loss_variance,19,1,Xavier-uniform,0.012795170695438578
loss_variance,19,1,GMM,0.6580995621879756
loss_variance,19,1,uniform,2.363992553799887e-06
loss_variance,3,2,reduced-domain,0.02604524856308972
loss_variance,3,2,Gaussian,0.006092165103196723
loss_variance,3,2,small,6.06994856378098e-06
loss_variance,3,2,MBL,0.0012922286862319398
loss_variance,3,2,Xavier-normal,0.09015123333614365
loss_variance,3,2,Xavier-uniform,0.09899812990599598
loss_variance,3,2,GMM,0.6433314076124433
loss_variance,3,2,uniform,0.11351443078093816
loss_variance,5,2,reduced-domain,0.021180877058186127
loss_variance,5,2,Gaussian,0.006574844677635158
loss_variance,5,2,small,2.7242254555490184e-07
loss_variance,5,2,MBL,0.004161276713779206
loss_variance,5,2,Xavier-normal,0.03636913584812347
loss_variance,5,2,Xavier-uniform,0.03730454983358409
loss_variance,5,2,GMM,0.6519032297920262
loss_variance,5,2,uniform,0.030557899298705588
loss_variance,7,2,reduced-domain,0.008358187494968503
loss_variance,7,2,Gaussian,0.002940211377214407
loss_variance,7,2,small,2.056537800171411e-08
loss_variance,7,2,MBL,0.0031014282775672247
loss_variance,7,2,Xavier-normal,0.02158598376355516
loss_variance,7,2,Xavier-uniform,0.02104455925154422
loss_variance,7,2,GMM,0.6430720531761376
loss_variance,7,2,uniform,0.007873485452709389
loss_variance,9,2,reduced-domain,0.01571377243872912
loss_variance,9,2,Gaussian,0.004850077002172322
loss_variance,9,2,small,1.0208782849575481e-08
loss_variance,9,2,MBL,0.007889532520044878
loss_variance,9,2,Xavier-normal,0.022949499899558894
loss_variance,9,2,Xavier-uniform,0.021604028517485042
loss_variance,9,2,GMM,0.6467321668878299
loss_variance,9,2,uniform,0.0020980636401050916
loss_variance,11,2,reduced-domain,0.01560290368592928
loss_variance,11,2,Gaussian,0.004901994854559589
loss_variance,11,2,small,3.6508066304117385e-09
loss_variance,11,2,MBL,0.011716455161891778
loss_variance,11,2,Xavier-normal,0.015245866907779775
loss_variance,11,2,Xavier-uniform,0.014506500347277972
loss_variance,11,2,GMM,0.6028001028439908
loss_variance,11,2,uniform,0.0005189678873582202
loss_variance,13,2,reduced-domain,0.01534414435744636
loss_variance,13,2,Gaussian,0.004643319117642069
loss_variance,13,2,small,1.5080459352273863e-09
loss_variance,13,2,MBL,0.012527923566443857
loss_variance,13,2,Xavier-normal,0.016917849069398288
loss_variance,13,2,Xavier-uniform,0.015576503399919213
loss_variance,13,2,GMM,0.5852644425552668
loss_variance,13,2,uniform,0.00013807681372611774
loss_variance,15,2,reduced-domain,0.01899242475967815
loss_variance,15,2,Gaussian,0.0065830522126523955
loss_variance,15,2,small,9.421272343956574e-10
loss_variance,15,2,MBL,0.018366131532753807
loss_variance,15,2,Xavier-normal,0.013109262144614074
loss_variance,15,2,Xavier-uniform,0.012374178636706142
loss_variance,15,2,GMM,0.617547769064052
loss_variance,15,2,uniform,3.118296906304904e-05
loss_variance,17,2,reduced-domain,0.008948563350461944
loss_variance,17,2,Gaussian,0.003071377575029569
loss_variance,17,2,small,2.6479438359642413e-10
loss_variance,17,2,MBL,0.010217227566501185
loss_variance,17,2,Xavier-normal,0.011962328825888057
loss_variance,17,2,Xavier-uniform,0.011478626715052322
loss_variance,17,2,GMM,0.6354944006176331
loss_variance,17,2,uniform,9.550277975442493e-06
loss_variance,19,2,reduced-domain,0.01885796830790292
loss_variance,19,2,Gaussian,0.005811947426446234
loss_variance,19,2,small,2.9762282165528426e-10
loss_variance,19,2,MBL,0.021168266970048186
loss_variance,19,2,Xavier-normal,0.015158949925155133
loss_variance,19,2,Xavier-uniform,0.014090500911739634
loss_variance,19,2,GMM,0.5956363898542879
loss_variance,19,2,uniform,2.7845979559320626e-06
loss_variance,3,3,reduced-domain,0.011499292310608446
loss_variance,3,3,Gaussian,0.002921433395522915
loss_variance,3,3,small,2.3049062193242603e-06
loss_variance,3,3,MBL,0.00045025413152548574
loss_variance,3,3,Xavier-normal,0.12754957767601077
loss_variance,3,3,Xavier-uniform,0.12891352289479632
loss_variance,3,3,GMM,0.5998364033675271
loss_variance,3,3,uniform,0.11298637870501745
loss_variance,5,3,reduced-domain,0.01010530678881734
loss_variance,5,3,Gaussian,0.002979384250407218
loss_variance,5,3,small,1.353661895541774e-07
loss_variance,5,3,MBL,0.0016796577970544819
loss_variance,5,3,Xavier-normal,0.05055945692800114
loss_variance,5,3,Xavier-uniform,0.0481472968521089
loss_variance,5,3,GMM,0.6495622619458021
loss_variance,5,3,uniform,0.030319834277114384
loss_variance,7,3,reduced-domain,0.021818677116523022
loss_variance,7,3,Gaussian,0.007331932396938403
loss_variance,7,3,small,4.834964998792899e-08
loss_variance,7,3,MBL,0.007225407934207033
loss_variance,7,3,Xavier-normal,0.0246127428273861
loss_variance,7,3,Xavier-uniform,0.023137684938203975
loss_variance,7,3,GMM,0.619992381853016
loss_variance,7,3,uniform,0.008105639287635276
loss_variance,9,3,reduced-domain,0.012279026036117703
loss_variance,9,3,Gaussian,0.003643200680040873
loss_variance,9,3,small,7.2930083167477634e-09
loss_variance,9,3,MBL,0.005756364490979862
loss_variance,9,3,Xavier-normal,0.020716856283662502
loss_variance,9,3,Xavier-uniform,0.019021233278200184
loss_variance,9,3,GMM,0.6068956977922255
loss_variance,9,3,uniform,0.0020940085219845377
loss_variance,11,3,reduced-domain,0.019787108745904395
loss_variance,11,3,Gaussian,0.007064366207935041
loss_variance,11,3,small,4.832900412145791e-09
loss_variance,11,3,MBL,0.014036831011817333
loss_variance,11,3,Xavier-normal,0.017948121396404667
loss_variance,11,3,Xavier-uniform,0.017155876692263837
loss_variance,11,3,GMM,0.6299273983860566
loss_variance,11,3,uniform,0.0005271620346035459
loss_variance,13,3,reduced-domain,0.022915320257725965
loss_variance,13,3,Gaussian,0.008039181486129037
loss_variance,13,3,small,2.6459674397171637e-09
loss_variance,13,3,MBL,0.021152176908984344
loss_variance,13,3,Xavier-normal,0.013263374040611757
loss_variance,13,3,Xavier-uniform,0.012934507099566117
loss_variance,13,3,GMM,0.562059694477294
loss_variance,13,3,uniform,0.0001231205738698432
loss_variance,3,4,reduced-domain,0.02304925672276934
loss_variance,3,4,Gaussian,0.004872637586992681
loss_variance,3,4,small,4.976660000606785e-06
loss_variance,3,4,MBL,0.0010014682961886883
loss_variance,3,4,Xavier-normal,0.11366202944424283
loss_variance,3,4,Xavier-uniform,0.11649926676983005
loss_variance,3,4,GMM,0.6391448518926905
loss_variance,3,4,uniform,0.1156667788053099
loss_variance,5,4,reduced-domain,0.017712819355413037
loss_variance,5,4,Gaussian,0.0052162959036542115
loss_variance,5,4,small,2.4052427039274685e-07
loss_variance,5,4,MBL,0.002934087065921411
loss_variance,5,4,Xavier-normal,0.04271406196881296
loss_variance,5,4,Xavier-uniform,0.03795390999255422
loss_variance,5,4,GMM,0.6348424811479105
loss_variance,5,4,uniform,0.03135359225778443
loss_variance,7,4,reduced-domain,0.016326526721427863
loss_variance,7,4,Gaussian,0.00563662652771918
loss_variance,7,4,small,3.870365087841558e-08
loss_variance,7,4,MBL,0.005768099404140367
loss_variance,7,4,Xavier-normal,0.034815541451609935
loss_variance,7,4,Xavier-uniform,0.03423846343510538
loss_variance,7,4,GMM,0.6454548241884623
loss_variance,7,4,uniform,0.007850488822886298
loss_variance,9,4,reduced-domain,0.01888111958663548
loss_variance,9,4,Gaussian,0.005932613906911525
loss_variance,9,4,small,1.1770833570157226e-08
loss_variance,9,4,MBL,0.009922156127795328
loss_variance,9,4,Xavier-normal,0.01392063617178075
loss_variance,9,4,Xavier-uniform,0.013507109242771459
loss_variance,9,4,GMM,0.6283103095502629
loss_variance,9,4,uniform,0.0019295227359433199
loss_variance,11,4,reduced-domain,0.015892052380029265
loss_variance,11,4,Gaussian,0.005495874046238785
loss_variance,11,4,small,4.535806373252339e-09
loss_variance,11,4,MBL,0.01102495992598178
loss_variance,11,4,Xavier-normal,0.01547822644680099
loss_variance,11,4,Xavier-uniform,0.014130218270956235
loss_variance,11,4,GMM,0.6333768911066673
loss_variance,11,4,uniform,0.0004945455255645143
loss_variance,13,4,reduced-domain,0.008380617418543011
loss_variance,13,4,Gaussian,0.002799669123325581
loss_variance,13,4,small,9.417304162627017e-10
loss_variance,13,4,MBL,0.008023509116628079
loss_variance,13,4,Xavier-normal,0.013303768955021672
loss_variance,13,4,Xavier-uniform,0.012519861807139645
loss_variance,13,4,GMM,0.6589633314839566
loss_variance,13,4,uniform,0.00014077510311417965
loss_variance,15,4,reduced-domain,0.013307450738658978
loss_variance,15,4,Gaussian,0.0049548308852716706
loss_variance,15,4,small,7.452016794823563e-10
loss_variance,15,4,MBL,0.015018377097361549
loss_variance,15,4,Xavier-normal,0.014745984406202804
loss_variance,15,4,Xavier-uniform,0.013497918768795868
loss_variance,15,4,GMM,0.6236916171295714
loss_variance,15,4,uniform,3.247178447308394e-05
loss_variance,17,4,reduced-domain,0.020413405853522866
loss_variance,17,4,Gaussian,0.006753710628319366
loss_variance,17,4,small,6.17090795564156e-10
loss_variance,17,4,MBL,0.021328569905937424
loss_variance,17,4,Xavier-normal,0.015253694055699766
loss_variance,17,4,Xavier-uniform,0.01365804986953022
loss_variance,17,4,GMM,0.6100089484547023
loss_variance,17,4,uniform,9.14886932266778e-06
loss_variance,19,4,reduced-domain,0.018785061225912766
loss_variance,19,4,Gaussian,0.006307359785118738
loss_variance,19,4,small,3.4479055351552787e-10
loss_variance,19,4,MBL,0.023012387769185363
loss_variance,19,4,Xavier-normal,0.012089828937328833
loss_variance,19,4,Xavier-uniform,0.011597547025919515
loss_variance,19,4,GMM,0.6410154715854661
loss_variance,19,4,uniform,2.3842721372579904e-06
loss_variance,3,5,reduced-domain,0.025474131001156985
loss_variance,3,5,Gaussian,0.005653150188125149
loss_variance,3,5,small,5.7102833623461245e-06
loss_variance,3,5,MBL,0.0012156263188267164
loss_variance,3,5,Xavier-normal,0.0966927581689515
loss_variance,3,5,Xavier-uniform,0.10293410019392339
loss_variance,3,5,GMM,0.6471370116367812
loss_variance,3,5,uniform,0.11442584506629218
loss_variance,5,5,reduced-domain,0.007795601614116788
loss_variance,5,5,Gaussian,0.0022104964945674254
loss_variance,5,5,small,9.780619630960701e-08
loss_variance,5,5,MBL,0.0012584567448466082
loss_variance,5,5,Xavier-normal,0.047802681581940426
loss_variance,5,5,Xavier-uniform,0.04713454639815567
loss_variance,5,5,GMM,0.6237754180920854
loss_variance,5,5,uniform,0.028999190486121634
loss_variance,7,5,reduced-domain,0.010282891771397464
loss_variance,7,5,Gaussian,0.003321045742974375
loss_variance,7,5,small,2.3362864714817283e-08
loss_variance,7,5,MBL,0.003431922650211541
loss_variance,7,5,Xavier-normal,0.030457108543685572
loss_variance,7,5,Xavier-uniform,0.025814817621317935
loss_variance,7,5,GMM,0.6087350527445291
loss_variance,7,5,uniform,0.008049942370747354
loss_variance,9,5,reduced-domain,0.012936043681428392
loss_variance,9,5,Gaussian,0.0042986895672004165
loss_variance,9,5,small,7.440327705343622e-09
loss_variance,9,5,MBL,0.00645358681984647
loss_variance,9,5,Xavier-normal,0.02462379646310754
loss_variance,9,5,Xavier-uniform,0.02454815407552268
loss_variance,9,5,GMM,0.6435759281719821
loss_variance,9,5,uniform,0.0020875851217216795
loss_variance,11,5,reduced-domain,0.011352479592137582
loss_variance,11,5,Gaussian,0.003434252864966939
loss_variance,11,5,small,2.629703600655051e-09
loss_variance,11,5,MBL,0.0072906022376375244
loss_variance,11,5,Xavier-normal,0.018397571988556686
loss_variance,11,5,Xavier-uniform,0.016679963380561453
loss_variance,11,5,GMM,0.6173983748994857
loss_variance,11,5,uniform,0.0005152955639737348
loss_variance,13,5,reduced-domain,0.02516684445179067
loss_variance,13,5,Gaussian,0.007632730487875452
loss_variance,13,5,small,2.59753161767237e-09
loss_variance,13,5,MBL,0.02087183400057335
loss_variance,13,5,Xavier-normal,0.022061281794689958
loss_variance,13,5,Xavier-uniform,0.023995404717882397
loss_variance,13,5,GMM,0.6150089244205897
loss_variance,13,5,uniform,0.00014405050989485283
loss_variance,15,5,reduced-domain,0.010040834049258665
loss_variance,15,5,Gaussian,0.0033255656322932607
loss_variance,15,5,small,5.166925474888804e-10
loss_variance,15,5,MBL,0.010533009947339942
loss_variance,15,5,Xavier-normal,0.018466623220635272
loss_variance,15,5,Xavier-uniform,0.016839264119093797
loss_variance,15,5,GMM,0.5995936748666727
loss_variance,15,5,uniform,3.6166293280733946e-05
loss_variance,17,5,reduced-domain,0.01664507737081264
loss_variance,17,5,Gaussian,0.004634834324058024
loss_variance,17,5,small,4.5943261898152014e-10
loss_variance,17,5,MBL,0.01872244916643468
loss_variance,17,5,Xavier-normal,0.015175088898394988
loss_variance,17,5,Xavier-uniform,0.01644925970243109
loss_variance,17,5,GMM,0.6226242111621711
loss_variance,17,5,uniform,9.502330504455992e-06
loss_variance,19,5,reduced-domain,0.021982551919218603
loss_variance,19,5,Gaussian,0.007273655271110737
loss_variance,19,5,small,4.519004740070836e-10
loss_variance,19,5,MBL,0.027702269315504433
loss_variance,19,5,Xavier-normal,0.016712180689005134
loss_variance,19,5,Xavier-uniform,0.01512290972306089
loss_variance,19,5,GMM,0.5842096571157472
loss_variance,19,5,uniform,2.380677034380522e-06
mean_squared_gradient,3,1,reduced-domain,0.04281512310842312
mean_squared_gradient,3,1,Gaussian,0.02368807446756739
mean_squared_gradient,3,1,small,0.003059283839888298
mean_squared_gradient,3,1,MBL,0.009697953098942157
mean_squared_gradient,3,1,Xavier-normal,0.10153192893789066
mean_squared_gradient,3,1,Xavier-uniform,0.11323884089778216
mean_squared_gradient,3,1,GMM,0.020426810880410713
mean_squared_gradient,3,1,uniform,0.1229577501296226
mean_squared_gradient,5,1,reduced-domain,0.024444682516723278
mean_squared_gradient,5,1,Gaussian,0.016867123660420355
mean_squared_gradient,5,1,small,0.000509426052379277
mean_squared_gradient,5,1,MBL,0.013985085593361004
mean_squared_gradient,5,1,Xavier-normal,0.020846259198959417
mean_squared_gradient,5,1,Xavier-uniform,0.021425139282818126
mean_squared_gradient,5,1,GMM,0.03258671735080658
mean_squared_gradient,5,1,uniform,0.016245710014113707
mean_squared_gradient,7,1,reduced-domain,0.03867462205438588
mean_squared_gradient,7,1,Gaussian,0.023386329014039996
mean_squared_gradient,7,1,small,0.0003000969327459124
mean_squared_gradient,7,1,MBL,0.028077466445254502
mean_squared_gradient,7,1,Xavier-normal,0.030890793243393232
mean_squared_gradient,7,1,Xavier-uniform,0.02595475807753295
mean_squared_gradient,7,1,GMM,0.10187374429895427
mean_squared_gradient,7,1,uniform,0.012754502538798555
mean_squared_gradient,9,1,reduced-domain,0.047045160689689246
mean_squared_gradient,9,1,Gaussian,0.027917872195150798
mean_squared_gradient,9,1,small,0.00023353578333521052
mean_squared_gradient,9,1,MBL,0.03857275195355827
mean_squared_gradient,9,1,Xavier-normal,0.029336731662398592
mean_squared_gradient,9,1,Xavier-uniform,0.029350334015850955
mean_squared_gradient,9,1,GMM,0.09618075681159181
mean_squared_gradient,9,1,uniform,0.003820264707424638
mean_squared_gradient,11,1,reduced-domain,0.011527165506101354
mean_squared_gradient,11,1,Gaussian,0.00627860520436659
mean_squared_gradient,11,1,small,4.137132690055881e-05
mean_squared_gradient,11,1,MBL,0.008577150682936257
mean_squared_gradient,11,1,Xavier-normal,0.01556621881874463
mean_squared_gradient,11,1,Xavier-uniform,0.015639135630307954
mean_squared_gradient,11,1,GMM,0.0993813227832998
mean_squared_gradient,11,1,uniform,0.0008486492992811647
mean_squared_gradient,13,1,reduced-domain,0.0772011050066409
mean_squared_gradient,13,1,Gaussian,0.053184404213290154
mean_squared_gradient,13,1,small,0.00023339624631311032
mean_squared_gradient,13,1,MBL,0.07201667777151952
mean_squared_gradient,13,1,Xavier-normal,0.01784609122456392
mean_squared_gradient,13,1,Xavier-uniform,0.016310471506985322
mean_squared_gradient,13,1,GMM,0.11614280376372992
mean_squared_gradient,13,1,uniform,0.00030102481739350656
mean_squared_gradient,15,1,reduced-domain,0.04049582685719424
mean_squared_gradient,15,1,Gaussian,0.027825421082438042
mean_squared_gradient,15,1,small,0.00010130162974020003
mean_squared_gradient,15,1,MBL,0.041625707532750286
mean_squared_gradient,15,1,Xavier-normal,0.016892088301642943
mean_squared_gradient,15,1,Xavier-uniform,0.015711808817574217
mean_squared_gradient,15,1,GMM,0.10637959934787478
mean_squared_gradient,15,1,uniform,8.615131030230769e-05
mean_squared_gradient,17,1,reduced-domain,0.07583199997293899
mean_squared_gradient,17,1,Gaussian,0.04641193286406346
mean_squared_gradient,17,1,small,0.00013005751961840442
mean_squared_gradient,17,1,MBL,0.07289343657257237
mean_squared_gradient,17,1,Xavier-normal,0.01678203681655135
mean_squared_gradient,17,1,Xavier-uniform,0.015889210030081966
mean_squared_gradient,17,1,GMM,0.09867419654058728
mean_squared_gradient,17,1,uniform,2.8787834302921068e-05
mean_squared_gradient,19,1,reduced-domain,0.09562727283405396
mean_squared_gradient,19,1,Gaussian,0.05931050446952408
mean_squared_gradient,19,1,small,0.00011773010469398657
mean_squared_gradient,19,1,MBL,0.10578744411081109
mean_squared_gradient,19,1,Xavier-normal,0.01680851315107136
mean_squared_gradient,19,1,Xavier-uniform,0.01440338286115979
mean_squared_gradient,19,1,GMM,0.08772129006066638
mean_squared_gradient,19,1,uniform,8.696756295278248e-06
mean_squared_gradient,3,2,reduced-domain,0.14562504099724366
mean_squared_gradient,3,2,Gaussian,0.0854437504734081
mean_squared_gradient,3,2,small,0.011336103759769735
mean_squared_gradient,3,2,MBL,0.0355106350047585
mean_squared_gradient,3,2,Xavier-normal,0.1192844674217572
mean_squared_gradient,3,2,Xavier-uniform,0.11322313015543634
mean_squared_gradient,3,2,GMM,0.136671628434909
mean_squared_gradient,3,2,uniform,0.11056059207201846
mean_squared_gradient,5,2,reduced-domain,0.07175708259612971
mean_squared_gradient,5,2,Gaussian,0.050685363858154586
mean_squared_gradient,5,2,small,0.0015414987854463025
mean_squared_gradient,5,2,MBL,0.041526023815287715
mean_squared_gradient,5,2,Xavier-normal,0.07152478048942629
mean_squared_gradient,5,2,Xavier-uniform,0.06897717453952587
mean_squared_gradient,5,2,GMM,0.1513208386838758
mean_squared_gradient,5,2,uniform,0.044594057958361064
mean_squared_gradient,7,2,reduced-domain,0.07357769282196068
mean_squared_gradient,7,2,Gaussian,0.04563539967145225
mean_squared_gradient,7,2,small,0.0005965326691316638
mean_squared_gradient,7,2,MBL,0.05382807895249718
mean_squared_gradient,7,2,Xavier-normal,0.038192280288620525
mean_squared_gradient,7,2,Xavier-uniform,0.0343016027032365
mean_squared_gradient,7,2,GMM,0.11578438902260936
mean_squared_gradient,7,2,uniform,0.015254988865800758
mean_squared_gradient,9,2,reduced-domain,0.19561484910380988
mean_squared_gradient,9,2,Gaussian,0.1220145233948788
mean_squared_gradient,9,2,small,0.0010556796881621055
mean_squared_gradient,9,2,MBL,0.16620062317016313
mean_squared_gradient,9,2,Xavier-normal,0.04269695929424853
mean_squared_gradient,9,2,Xavier-uniform,0.04432837396792593
mean_squared_gradient,9,2,GMM,0.10271691087756424
mean_squared_gradient,9,2,uniform,0.005697180354441606
mean_squared_gradient,11,2,reduced-domain,0.21383612655945555
mean_squared_gradient,11,2,Gaussian,0.13184301151977781
mean_squared_gradient,11,2,small,0.0009196712020868481
mean_squared_gradient,11,2,MBL,0.16642254439580081
mean_squared_gradient,11,2,Xavier-normal,0.027104895882405736
mean_squared_gradient,11,2,Xavier-uniform,0.024342911131252122
mean_squared_gradient,11,2,GMM,0.09579102689014664
mean_squared_gradient,11,2,uniform,0.0014751601386564835
mean_squared_gradient,13,2,reduced-domain,0.05826111178469931
mean_squared_gradient,13,2,Gaussian,0.03916968813501994
mean_squared_gradient,13,2,small,0.00017118406918038452
mean_squared_gradient,13,2,MBL,0.05285968004066948
mean_squared_gradient,13,2,Xavier-normal,0.024436798979902575
mean_squared_gradient,13,2,Xavier-uniform,0.02425953049215351
mean_squared_gradient,13,2,GMM,0.12515144693106564
mean_squared_gradient,13,2,uniform,0.0004877350658484201
mean_squared_gradient,15,2,reduced-domain,0.0678500261884343
mean_squared_gradient,15,2,Gaussian,0.04471409687080923
mean_squared_gradient,15,2,small,0.00017059654621299374
mean_squared_gradient,15,2,MBL,0.06943321303106145
mean_squared_gradient,15,2,Xavier-normal,0.023288394159063218
mean_squared_gradient,15,2,Xavier-uniform,0.021321558021285006
mean_squared_gradient,15,2,GMM,0.10797181185149063
mean_squared_gradient,15,2,uniform,0.0001050742277337417
mean_squared_gradient,17,2,reduced-domain,0.08216284804572155
mean_squared_gradient,17,2,Gaussian,0.05000367969779664
mean_squared_gradient,17,2,small,0.00014101391108365194
mean_squared_gradient,17,2,MBL,0.0755586031232057
mean_squared_gradient,17,2,Xavier-normal,0.019538339358224955
mean_squared_gradient,17,2,Xavier-uniform,0.02116987910806104
mean_squared_gradient,17,2,GMM,0.10071328242357881
mean_squared_gradient,17,2,uniform,3.907640690886581e-05
mean_squared_gradient,19,2,reduced-domain,0.06024065458465167
mean_squared_gradient,19,2,Gaussian,0.03492781634770274
mean_squared_gradient,19,2,small,7.074031509167441e-05
mean_squared_gradient,19,2,MBL,0.0614277204607308
mean_squared_gradient,19,2,Xavier-normal,0.02257939606377955
mean_squared_gradient,19,2,Xavier-uniform,0.01943708425083093
mean_squared_gradient,19,2,GMM,0.09832085104451284
mean_squared_gradient,19,2,uniform,1.1640014153494103e-05
mean_squared_gradient,3,3,reduced-domain,0.009658151695296371
mean_squared_gradient,3,3,Gaussian,0.005221945893729708
mean_squared_gradient,3,3,small,0.0006751670654302137
mean_squared_gradient,3,3,MBL,0.002133081467068116
mean_squared_gradient,3,3,Xavier-normal,0.00795256146105957
mean_squared_gradient,3,3,Xavier-uniform,0.0076610998823489745
mean_squared_gradient,3,3,GMM,0.006540516820991778
mean_squared_gradient,3,3,uniform,0.006269483494447149
mean_squared_gradient,5,3,reduced-domain,0.03259146048122408
mean_squared_gradient,5,3,Gaussian,0.023041940999304154
mean_squared_gradient,5,3,small,0.0007240154974748633
mean_squared_gradient,5,3,MBL,0.019273210463044227
mean_squared_gradient,5,3,Xavier-normal,0.02780685580547861
mean_squared_gradient,5,3,Xavier-uniform,0.027452038845108405
mean_squared_gradient,5,3,GMM,0.05659402274736707
mean_squared_gradient,5,3,uniform,0.027036029156493297
mean_squared_gradient,7,3,reduced-domain,0.04084948354216258
mean_squared_gradient,7,3,Gaussian,0.02618108388303736
mean_squared_gradient,7,3,small,0.00034622715532573145
mean_squared_gradient,7,3,MBL,0.030767033750630175
mean_squared_gradient,7,3,Xavier-normal,0.01971150981631535
mean_squared_gradient,7,3,Xavier-uniform,0.019567482701139883
mean_squared_gradient,7,3,GMM,0.03485368776671336
mean_squared_gradient,7,3,uniform,0.01020777569211796
mean_squared_gradient,9,3,reduced-domain,0.056325738692806784
mean_squared_gradient,9,3,Gaussian,0.03583419472409449
mean_squared_gradient,9,3,small,0.0003130371212990043
mean_squared_gradient,9,3,MBL,0.04852685718519409
mean_squared_gradient,9,3,Xavier-normal,0.015622993379840291
mean_squared_gradient,9,3,Xavier-uniform,0.01572756343081524
mean_squared_gradient,9,3,GMM,0.03910329291918527
mean_squared_gradient,9,3,uniform,0.003993926027857186
mean_squared_gradient,11,3,reduced-domain,0.14759617224446359
mean_squared_gradient,11,3,Gaussian,0.09235372563339762
mean_squared_gradient,11,3,small,0.0006538641958094164
mean_squared_gradient,11,3,MBL,0.11672916324193866
mean_squared_gradient,11,3,Xavier-normal,0.018105550616421433
mean_squared_gradient,11,3,Xavier-uniform,0.0166221714621175
mean_squared_gradient,11,3,GMM,0.04638300732225295
mean_squared_gradient,11,3,uniform,0.0010705893171731424
mean_squared_gradient,13,3,reduced-domain,0.04692050848678647
mean_squared_gradient,13,3,Gaussian,0.03139979035922293
mean_squared_gradient,13,3,small,0.0001418238847448266
mean_squared_gradient,13,3,MBL,0.0440156152294235
mean_squared_gradient,13,3,Xavier-normal,0.012359708320705163
mean_squared_gradient,13,3,Xavier-uniform,0.012506151288037948
mean_squared_gradient,13,3,GMM,0.048934243304524734
mean_squared_gradient,13,3,uniform,0.00046871982791653544
mean_squared_gradient,3,4,reduced-domain,0.007144561298348023
mean_squared_gradient,3,4,Gaussian,0.004279011605586581
mean_squared_gradient,3,4,small,0.0005718642796811057
mean_squared_gradient,3,4,MBL,0.0017838981949348214
mean_squared_gradient,3,4,Xavier-normal,0.0727437636093285
mean_squared_gradient,3,4,Xavier-uniform,0.07284906891151882
mean_squared_gradient,3,4,GMM,0.040941257090957195
mean_squared_gradient,3,4,uniform,0.07606616858393286
mean_squared_gradient,5,4,reduced-domain,0.0007887817620729911
mean_squared_gradient,5,4,Gaussian,0.00045217327416488626
mean_squared_gradient,5,4,small,1.3578728844733796e-05
mean_squared_gradient,5,4,MBL,0.00035985201491892127
mean_squared_gradient,5,4,Xavier-normal,0.018946439127742146
mean_squared_gradient,5,4,Xavier-uniform,0.019286420416734232
mean_squared_gradient,5,4,GMM,0.028559972211315544
mean_squared_gradient,5,4,uniform,0.015038389772056281
mean_squared_gradient,7,4,reduced-domain,0.05907335023619421
mean_squared_gradient,7,4,Gaussian,0.03767989120772529
mean_squared_gradient,7,4,small,0.0004978645773140641
mean_squared_gradient,7,4,MBL,0.044142622471128976
mean_squared_gradient,7,4,Xavier-normal,0.021541849336399858
mean_squared_gradient,7,4,Xavier-uniform,0.021584065672247625
mean_squared_gradient,7,4,GMM,0.04887339118747426
mean_squared_gradient,7,4,uniform,0.012678330789504689
mean_squared_gradient,9,4,reduced-domain,0.018377837383590858
mean_squared_gradient,9,4,Gaussian,0.011285500677824885
mean_squared_gradient,9,4,small,9.829645853676185e-05
mean_squared_gradient,9,4,MBL,0.01522846839241183
mean_squared_gradient,9,4,Xavier-normal,0.010647558887774558
mean_squared_gradient,9,4,Xavier-uniform,0.010211800213299527
mean_squared_gradient,9,4,GMM,0.036983208658871516
mean_squared_gradient,9,4,uniform,0.0035464740676573363
mean_squared_gradient,11,4,reduced-domain,0.031553410191281814
mean_squared_gradient,11,4,Gaussian,0.019377930970926716
mean_squared_gradient,11,4,small,0.00013538469496580892
mean_squared_gradient,11,4,MBL,0.024544263069650796
mean_squared_gradient,11,4,Xavier-normal,0.011129282291967378
mean_squared_gradient,11,4,Xavier-uniform,0.010175552764244172
mean_squared_gradient,11,4,GMM,0.05052027598142034
mean_squared_gradient,11,4,uniform,0.0009825645168825938
mean_squared_gradient,13,4,reduced-domain,0.01869116616381367
mean_squared_gradient,13,4,Gaussian,0.012566915811472368
mean_squared_gradient,13,4,small,5.5450349181824554e-05
mean_squared_gradient,13,4,MBL,0.016819714496557992
mean_squared_gradient,13,4,Xavier-normal,0.011248303667666904
mean_squared_gradient,13,4,Xavier-uniform,0.012873615010416107
mean_squared_gradient,13,4,GMM,0.05082880381779083
mean_squared_gradient,13,4,uniform,0.00036738291662893413
mean_squared_gradient,15,4,reduced-domain,0.03165602041843505
mean_squared_gradient,15,4,Gaussian,0.02225206000883027
mean_squared_gradient,15,4,small,8.528447969173514e-05
mean_squared_gradient,15,4,MBL,0.03321974013167005
mean_squared_gradient,15,4,Xavier-normal,0.019210280719603963
mean_squared_gradient,15,4,Xavier-uniform,0.019577243525381278
mean_squared_gradient,15,4,GMM,0.05198065132185868
mean_squared_gradient,15,4,uniform,0.00011723716942915066
mean_squared_gradient,17,4,reduced-domain,0.03458690389023494
mean_squared_gradient,17,4,Gaussian,0.0217521548697555
mean_squared_gradient,17,4,small,6.2250811959571e-05
mean_squared_gradient,17,4,MBL,0.033711112177622383
mean_squared_gradient,17,4,Xavier-normal,0.01135542326708432
mean_squared_gradient,17,4,Xavier-uniform,0.010854446527586468
mean_squared_gradient,17,4,GMM,0.039340341879899834
mean_squared_gradient,17,4,uniform,2.7052031737986176e-05
mean_squared_gradient,19,4,reduced-domain,0.0017334266901922728
mean_squared_gradient,19,4,Gaussian,0.0007727984258707868
mean_squared_gradient,19,4,small,1.3606063489146729e-06
mean_squared_gradient,19,4,MBL,0.001964153480516227
mean_squared_gradient,19,4,Xavier-normal,0.01237950352600036
mean_squared_gradient,19,4,Xavier-uniform,0.011326078329747314
mean_squared_gradient,19,4,GMM,0.048391178075725606
mean_squared_gradient,19,4,uniform,1.0156619747200547e-05
mean_squared_gradient,3,5,reduced-domain,0.13091268840052175
mean_squared_gradient,3,5,Gaussian,0.07788502385123136
mean_squared_gradient,3,5,small,0.010376789736181434
mean_squared_gradient,3,5,MBL,0.0324591435464493
mean_squared_gradient,3,5,Xavier-normal,0.18546489495878052
mean_squared_gradient,3,5,Xavier-uniform,0.17734913926126863
mean_squared_gradient,3,5,GMM,0.18546583834965719
mean_squared_gradient,3,5,uniform,0.1778522931928846
mean_squared_gradient,5,5,reduced-domain,0.04849020758444934
mean_squared_gradient,5,5,Gaussian,0.035027895911822954
mean_squared_gradient,5,5,small,0.0010742880793010723
mean_squared_gradient,5,5,MBL,0.02883316038763581
mean_squared_gradient,5,5,Xavier-normal,0.04352734403209847
mean_squared_gradient,5,5,Xavier-uniform,0.04262536816471896
mean_squared_gradient,5,5,GMM,0.08969127388819978
mean_squared_gradient,5,5,uniform,0.031481826166249234
mean_squared_gradient,7,5,reduced-domain,0.06938784842506635
mean_squared_gradient,7,5,Gaussian,0.043531832246483264
mean_squared_gradient,7,5,small,0.0005727774779387954
mean_squared_gradient,7,5,MBL,0.051640744877217044
mean_squared_gradient,7,5,Xavier-normal,0.037872957839833805
mean_squared_gradient,7,5,Xavier-uniform,0.03203097808987576
mean_squared_gradient,7,5,GMM,0.0907094275613409
mean_squared_gradient,7,5,uniform,0.009956416945164186
mean_squared_gradient,9,5,reduced-domain,0.03963091305863817
mean_squared_gradient,9,5,Gaussian,0.02422001698536552
mean_squared_gradient,9,5,small,0.00021032502065887893
mean_squared_gradient,9,5,MBL,0.033009996632785206
mean_squared_gradient,9,5,Xavier-normal,0.02392418953125249
mean_squared_gradient,9,5,Xavier-uniform,0.0220511399073919
mean_squared_gradient,9,5,GMM,0.0753170414589425
mean_squared_gradient,9,5,uniform,0.0034102970821606187
mean_squared_gradient,11,5,reduced-domain,0.005028852264201472
mean_squared_gradient,11,5,Gaussian,0.0024227590476202264
mean_squared_gradient,11,5,small,1.595387443431986e-05
mean_squared_gradient,11,5,MBL,0.003417473550252808
mean_squared_gradient,11,5,Xavier-normal,0.02493038960540474
mean_squared_gradient,11,5,Xavier-uniform,0.022042556582030016
mean_squared_gradient,11,5,GMM,0.07875541648946446
mean_squared_gradient,11,5,uniform,0.0010205199346268784
mean_squared_gradient,13,5,reduced-domain,0.0008999721698891934
mean_squared_gradient,13,5,Gaussian,0.00025154951318822624
mean_squared_gradient,13,5,small,3.712542694288593e-07
mean_squared_gradient,13,5,MBL,0.000985854944698538
mean_squared_gradient,13,5,Xavier-normal,0.02076353992808246
mean_squared_gradient,13,5,Xavier-uniform,0.020673757243802167
mean_squared_gradient,13,5,GMM,0.07043526950606424
mean_squared_gradient,13,5,uniform,0.0003829095285892357
mean_squared_gradient,15,5,reduced-domain,0.005850465971279688
mean_squared_gradient,15,5,Gaussian,0.003131341317364642
mean_squared_gradient,15,5,small,1.1227176498567808e-05
mean_squared_gradient,15,5,MBL,0.005868748702157354
mean_squared_gradient,15,5,Xavier-normal,0.027096256748519995
mean_squared_gradient,15,5,Xavier-uniform,0.022497907656772058
mean_squared_gradient,15,5,GMM,0.07665818796119732
mean_squared_gradient,15,5,uniform,0.00011988585761302757
mean_squared_gradient,17,5,reduced-domain,0.00225501785409259
mean_squared_gradient,17,5,Gaussian,0.0007811638080674543
mean_squared_gradient,17,5,small,1.7598792561362872e-06
mean_squared_gradient,17,5,MBL,0.002425396394297131
mean_squared_gradient,17,5,Xavier-normal,0.01941600672976638
mean_squared_gradient,17,5,Xavier-uniform,0.01879760732205611
mean_squared_gradient,17,5,GMM,0.08228166803049822
mean_squared_gradient,17,5,uniform,2.8235288638373205e-05
mean_squared_gradient,19,5,reduced-domain,0.0012135769378520255
mean_squared_gradient,19,5,Gaussian,0.000272730881341911
mean_squared_gradient,19,5,small,7.58440853302173e-08
mean_squared_gradient,19,5,MBL,0.0020037939874929683
mean_squared_gradient,19,5,Xavier-normal,0.020024323513693786
mean_squared_gradient,19,5,Xavier-uniform,0.018541013068231325
mean_squared_gradient,19,5,GMM,0.08131229105852421
mean_squared_gradient,19,5,uniform,9.312402713978572e-06
