method,n_qubits,run,budget,shots_used,iterations,energy,ground_energy,relative_gap
iCANS,3,0,5000,4680,13,-0.333290632153698,-0.920476372171203,0.6379150598211033
iCANS,3,0,10000,9720,27,-0.5117685293541158,-0.920476372171203,0.4440177446956456
iCANS,3,0,20000,19800,55,-0.7991831331985753,-0.920476372171203,0.1317722460235709
iCANS,3,0,50000,49680,138,-0.9134303823792358,-0.920476372171203,0.007654720973822816
iCANS,3,0,100000,99900,269,-0.9057515051314007,-0.920476372171203,0.0159970070769656
iCANS,3,1,5000,4680,13,-0.5533113127903939,-0.920476372171203,0.3988859143822962
iCANS,3,1,10000,9720,27,-0.8094738880852419,-0.920476372171203,0.12059243174719464
iCANS,3,1,20000,19800,55,-0.9018147094435883,-0.920476372171203,0.020273918257777676
iCANS,3,1,50000,49680,138,-0.9122049617853354,-0.920476372171203,0.00898601054403732
iCANS,3,1,100000,100000,249,-0.9197234101759073,-0.920476372171203,0.0008180133874807216
iCANS,3,2,5000,4680,13,-0.31859635265087694,-0.920476372171203,0.653878836781679
iCANS,3,2,10000,9720,27,-0.47780114683891084,-0.920476372171203,0.48091970496550374
iCANS,3,2,20000,19800,55,-0.8375242306896644,-0.920476372171203,0.09011870808359003
iCANS,3,2,50000,49680,138,-0.9167485784528213,-0.920476372171203,0.004049852697021076
iCANS,3,2,100000,100000,256,-0.9171149135666413,-0.920476372171203,0.00365186843050927
iCANS,3,3,5000,4680,13,-0.42670235822694513,-0.920476372171203,0.5364331218840008
iCANS,3,3,10000,9720,27,-0.6393844945494516,-0.920476372171203,0.305376526894131
iCANS,3,3,20000,19800,55,-0.8388987568854431,-0.920476372171203,0.08862543108340315
iCANS,3,3,50000,49680,138,-0.9120325384764666,-0.920476372171203,0.009173330190778591
iCANS,3,3,100000,99950,264,-0.914359586397005,-0.920476372171203,0.006645239312085642
iCANS,3,4,5000,4680,13,-0.36153253839425603,-0.920476372171203,0.6072332225742203
iCANS,3,4,10000,9720,27,-0.6674939663284398,-0.920476372171203,0.27483856565055864
iCANS,3,4,20000,19800,55,-0.8699914790433958,-0.920476372171203,0.05484648455312806
iCANS,3,4,50000,49680,138,-0.9108513429098033,-0.920476372171203,0.010456573957130911
iCANS,3,4,100000,100000,255,-0.9169771832841062,-0.920476372171203,0.0038014977818964096
iCANS,3,5,5000,4680,13,-0.6201005619644252,-0.920476372171203,0.32632647538606213
iCANS,3,5,10000,9720,27,-0.7303479139406246,-0.920476372171203,0.20655441462566485
iCANS,3,5,20000,19800,55,-0.8612505876992367,-0.920476372171203,0.06434253638935418
iCANS,3,5,50000,49860,137,-0.908930818567909,-0.920476372171203,0.012543020062601464
iCANS,3,5,100000,100000,199,-0.9114068473787516,-0.920476372171203,0.009853077239840994
iCANS,3,6,5000,4680,13,-0.1986767038614165,-0.920476372171203,0.7841588226835399
iCANS,3,6,10000,9720,27,-0.5046547967303447,-0.920476372171203,0.45174606107490395
iCANS,3,6,20000,19800,55,-0.7817918202748249,-0.920476372171203,0.15066606388738862
iCANS,3,6,50000,49680,138,-0.9037745060529787,-0.920476372171203,0.018144806996868663
iCANS,3,6,100000,99936,263,-0.9132923383474608,-0.920476372171203,0.007804691180498909
iCANS,3,7,5000,4680,13,-0.38808841512074954,-0.920476372171203,0.5783830776608273
iCANS,3,7,10000,9720,27,-0.660719422922088,-0.920476372171203,0.2821983889020476
iCANS,3,7,20000,19800,55,-0.8348397112614769,-0.920476372171203,0.09303515386030811
iCANS,3,7,50000,49680,138,-0.9052204091756295,-0.920476372171203,0.016573986532199665
iCANS,3,7,100000,99772,246,-0.9146169685114844,-0.920476372171203,0.006365620929408044
iCANS,3,8,5000,4680,13,-0.04324652059503395,-0.920476372171203,0.9530172398743654
iCANS,3,8,10000,9720,27,-0.3036647286381866,-0.920476372171203,0.6701004633916808
iCANS,3,8,20000,19800,55,-0.7430754062689315,-0.920476372171203,0.1927273434339453
iCANS,3,8,50000,49680,138,-0.9072773565252019,-0.920476372171203,0.014339331290891827
iCANS,3,8,100000,99754,245,-0.9182502214720434,-0.920476372171203,0.0024184767436329223
iCANS,3,9,5000,4680,13,-0.37049964720557166,-0.920476372171203,0.597491409440914
iCANS,3,9,10000,9720,27,-0.6928953286976828,-0.920476372171203,0.24724267819792725
iCANS,3,9,20000,19800,55,-0.8665722648485581,-0.920476372171203,0.0585610983098859
iCANS,3,9,50000,49680,138,-0.9131859097946271,-0.920476372171203,0.00792031452081635
iCANS,3,9,100000,99720,277,-0.9173469425167099,-0.920476372171203,0.0033997935733119373
iCANS,4,0,5000,4800,10,-0.4388093358494918,-0.9173632924615879,0.5216624215778006
iCANS,4,0,10000,9600,20,-0.6160656374107095,-0.9173632924615879,0.32843875215717155
iCANS,4,0,20000,19680,41,-0.790948768006029,-0.9173632924615879,0.13780203055252743
iCANS,4,0,50000,49920,104,-0.8872407989025153,-0.9173632924615879,0.03283594820787305
iCANS,4,0,100000,99840,208,-0.9095341875054463,-0.9173632924615879,0.008534356040270004
iCANS,4,1,5000,4800,10,0.016559919655084125,-0.9173632924615879,1.0180516484485098
iCANS,4,1,10000,9600,20,-0.08365428299343751,-0.9173632924615879,0.9088100824603899
iCANS,4,1,20000,19680,41,-0.3880942530930923,-0.9173632924615879,0.5769459533837379
iCANS,4,1,50000,49920,104,-0.7742392050612785,-0.9173632924615879,0.15601680225972447
iCANS,4,1,100000,99840,208,-0.8991031666740443,-0.9173632924615879,0.019905010302456744
iCANS,4,2,5000,4800,10,-0.5281750789636845,-0.9173632924615879,0.42424655171625975
iCANS,4,2,10000,9600,20,-0.6823399910075545,-0.9173632924615879,0.25619435984122324
iCANS,4,2,20000,19680,41,-0.7943703547865111,-0.9173632924615879,0.13407222491434798
iCANS,4,2,50000,49920,104,-0.8615310037338252,-0.9173632924615879,0.06086169916167702
iCANS,4,2,100000,99840,208,-0.9052134280739886,-0.9173632924615879,0.013244332411641578
iCANS,4,3,5000,4800,10,-0.5099908769910128,-0.9173632924615879,0.4440687989351097
iCANS,4,3,10000,9600,20,-0.6139764121111769,-0.9173632924615879,0.3307161762885934
iCANS,4,3,20000,19680,41,-0.72981410917235,-0.9173632924615879,0.2044437409153157
iCANS,4,3,50000,49920,104,-0.8863796535795618,-0.9173632924615879,0.03377466608554473
iCANS,4,3,100000,99576,207,-0.9135747536450824,-0.9173632924615879,0.00412981296247371
iCANS,4,4,5000,4800,10,-0.015162582658692678,-0.9173632924615879,0.983471561612187
iCANS,4,4,10000,9600,20,-0.3528410917243201,-0.9173632924615879,0.6153747434372142
iCANS,4,4,20000,19680,41,-0.6250208385809121,-0.9173632924615879,0.3186768603921623
iCANS,4,4,50000,49920,104,-0.8230804981556858,-0.9173632924615879,0.1027758523593311
iCANS,4,4,100000,99840,208,-0.8869118850407585,-0.9173632924615879,0.03319449085336547
iCANS,4,5,5000,4800,10,-0.06014800810821348,-0.9173632924615879,0.9344338185291712
iCANS,4,5,10000,9600,20,-0.1631143629575546,-0.9173632924615879,0.8221921846034792
iCANS,4,5,20000,19680,41,-0.3797596404807503,-0.9173632924615879,0.586031353552713
iCANS,4,5,50000,49920,104,-0.7159451676662331,-0.9173632924615879,0.21956200607818485
iCANS,4,5,100000,99840,208,-0.8577185502524769,-0.9173632924615879,0.0650175810382215
iCANS,4,6,5000,4800,10,-0.47404978329556013,-0.9173632924615879,0.48324749072580786
iCANS,4,6,10000,9600,20,-0.5758259218498764,-0.9173632924615879,0.3723032885861982
iCANS,4,6,20000,19680,41,-0.6839435928155249,-0.9173632924615879,0.25444630449483224
iCANS,4,6,50000,49920,104,-0.869236555938712,-0.9173632924615879,0.052462025588287955
iCANS,4,6,100000,99840,208,-0.9122869726603293,-0.9173632924615879,0.005533598131703218
iCANS,4,7,5000,4800,10,-0.161659883683809,-0.9173632924615879,0.8237776843566279
iCANS,4,7,10000,9600,20,-0.3580361132889777,-0.9173632924615879,0.6097117508067618
iCANS,4,7,20000,19680,41,-0.5912227016977669,-0.9173632924615879,0.3555195563675524
iCANS,4,7,50000,49920,104,-0.7276359452891211,-0.9173632924615879,0.2068181152783711
iCANS,4,7,100000,99840,208,-0.7683983110012454,-0.9173632924615879,0.16238384801796496
iCANS,4,8,5000,4800,10,-0.10911721851239443,-0.9173632924615879,0.8810534284409866
iCANS,4,8,10000,9600,20,-0.32749363531985043,-0.9173632924615879,0.6430055159051796
iCANS,4,8,20000,19680,41,-0.6508998830465,-0.9173632924615879,0.29046661405001145
iCANS,4,8,50000,49920,104,-0.8940883998350417,-0.9173632924615879,0.02537151073931892
iCANS,4,8,100000,99564,203,-0.9107302813823832,-0.9173632924615879,0.0072305172157108135
iCANS,4,9,5000,4800,10,-0.2514988398124202,-0.9173632924615879,0.7258459741313978
iCANS,4,9,10000,9600,20,-0.5147610495380912,-0.9173632924615879,0.43886892600987143
iCANS,4,9,20000,19680,41,-0.8097220919822172,-0.9173632924615879,0.11733759282054315
iCANS,4,9,50000,49920,104,-0.8918567942615792,-0.9173632924615879,0.027804140856308283
iCANS,4,9,100000,99840,208,-0.9119987693518,-0.9173632924615879,0.005847762989723595
iCANS,5,0,5000,4800,8,-0.008890063278830051,-0.509782396398741,0.9825610626384274
iCANS,5,0,10000,9600,16,-0.051617344362318976,-0.509782396398741,0.8987463185724739
iCANS,5,0,20000,19800,33,-0.13998801871729077,-0.509782396398741,0.725396522700256
iCANS,5,0,50000,49800,83,-0.2960775537349806,-0.509782396398741,0.4192079682888951
iCANS,5,0,100000,99600,166,-0.43698425389639467,-0.509782396398741,0.14280238591331265
iCANS,5,1,5000,4800,8,0.04571611001239697,-0.509782396398741,1.0896776945130895
iCANS,5,1,10000,9600,16,0.02011054206697624,-0.509782396398741,1.0394492673914268
iCANS,5,1,20000,19800,33,-0.04509449575580492,-0.509782396398741,0.9115416772443179
iCANS,5,1,50000,49800,83,-0.3024754035472839,-0.509782396398741,0.40665780991249834
iCANS,5,1,100000,99600,166,-0.4333255387525844,-0.509782396398741,0.14997939941879374
iCANS,5,2,5000,4800,8,-0.10864395502164866,-0.509782396398741,0.7868817052351301
iCANS,5,2,10000,9600,16,-0.22800435993707882,-0.509782396398741,0.5527417942483471
iCANS,5,2,20000,19800,33,-0.3511147060035785,-0.509782396398741,0.311245918878407
iCANS,5,2,50000,49800,83,-0.4251559980824172,-0.509782396398741,0.1660049442941745
iCANS,5,2,100000,99600,166,-0.47183985330552397,-0.509782396398741,0.07442890017633952
iCANS,5,3,5000,4800,8,0.06990581315301397,-0.509782396398741,1.1371287310955618
iCANS,5,3,10000,9600,16,0.012177239401174683,-0.509782396398741,1.02388713201397
iCANS,5,3,20000,19800,33,-0.06278186963310922,-0.509782396398741,0.8768457481532913
iCANS,5,3,50000,49800,83,-0.22078853909538787,-0.509782396398741,0.5668965020073158
iCANS,5,3,100000,99600,166,-0.3293532283609602,-0.509782396398741,0.35393369663681545
iCANS,5,4,5000,4800,8,-0.0019156616078025539,-0.509782396398741,0.996242197413376
iCANS,5,4,10000,9600,16,-0.023868518618507518,-0.509782396398741,0.9531790058128291
iCANS,5,4,20000,19800,33,-0.07656090547337094,-0.509782396398741,0.8498164981485814
iCANS,5,4,50000,49800,83,-0.25700753758255357,-0.509782396398741,0.49584854361756403
iCANS,5,4,100000,99600,166,-0.41064902782197443,-0.509782396398741,0.1944621259523182
iCANS,5,5,5000,4800,8,-0.12290807813346669,-0.509782396398741,0.7589008977129712
iCANS,5,5,10000,9600,16,-0.17118690253950705,-0.509782396398741,0.6641961280953917
iCANS,5,5,20000,19800,33,-0.2700886588374651,-0.509782396398741,0.47018833771928165
iCANS,5,5,50000,49800,83,-0.3887273794147322,-0.509782396398741,0.2374640980920066
iCANS,5,5,100000,99600,166,-0.42682192520767004,-0.509782396398741,0.16273702618436642
iCANS,5,6,5000,4800,8,0.05379866758640918,-0.509782396398741,1.105532611495531
iCANS,5,6,10000,9600,16,0.027694539346755663,-0.509782396398741,1.054326197888351
iCANS,5,6,20000,19800,33,-0.041576137924788946,-0.509782396398741,0.918443362857377
iCANS,5,6,50000,49800,83,-0.16402249753909778,-0.509782396398741,0.6782499774456651
iCANS,5,6,100000,99600,166,-0.2031644257794416,-0.509782396398741,0.6014683378346186
iCANS,5,7,5000,4800,8,-0.07924169150924501,-0.509782396398741,0.8445578111974196
iCANS,5,7,10000,9600,16,-0.10831248475315661,-0.509782396398741,0.7875319243694777
iCANS,5,7,20000,19800,33,-0.1551663868076165,-0.509782396398741,0.6956223127676447
iCANS,5,7,50000,49800,83,-0.27789509320173955,-0.509782396398741,0.45487506990261806
iCANS,5,7,100000,99600,166,-0.4261186468273962,-0.509782396398741,0.16411659202508985
iCANS,5,8,5000,4800,8,0.06688552151130797,-0.509782396398741,1.1312040627212863
iCANS,5,8,10000,9600,16,0.04712328925061063,-0.509782396398741,1.092438047259976
iCANS,5,8,20000,19800,33,-0.006604732920736947,-0.509782396398741,0.9870440153143875
iCANS,5,8,50000,49800,83,-0.26674101411002527,-0.509782396398741,0.4767551488745679
iCANS,5,8,100000,99600,166,-0.4651778172221367,-0.509782396398741,0.08749729196556164
iCANS,5,9,5000,4800,8,-0.03289315685738731,-0.509782396398741,0.9354760833450613
iCANS,5,9,10000,9600,16,-0.06315295779374502,-0.509782396398741,0.8761178137184084
iCANS,5,9,20000,19800,33,-0.12397224540343962,-0.509782396398741,0.7568134045443359
iCANS,5,9,50000,49800,83,-0.28611096958274507,-0.509782396398741,0.4387586319105552
iCANS,5,9,100000,99600,166,-0.400696249491186,-0.509782396398741,0.213985707780757
iCANS,6,0,5000,4320,6,0.013453638583690555,-0.6884943015589988,1.0195406680247414
iCANS,6,0,10000,9360,13,0.003369889643687379,-0.6884943015589988,1.0048945788455426
iCANS,6,0,20000,19440,27,-0.019255067209154025,-0.6884943015589988,0.9720330768670798
iCANS,6,0,50000,49680,69,-0.07978713329892756,-0.6884943015589988,0.8841135894396501
iCANS,6,0,100000,99360,138,-0.22090993890371985,-0.6884943015589988,0.6791404977448611
iCANS,6,1,5000,4320,6,0.09157217787667415,-0.6884943015589988,1.1330035378206063
iCANS,6,1,10000,9360,13,0.06240232217136943,-0.6884943015589988,1.090635931234388
iCANS,6,1,20000,19440,27,-0.005167442658832296,-0.6884943015589988,0.9924945745416754
iCANS,6,1,50000,49680,69,-0.16371953427541475,-0.6884943015589988,0.7622064062045324
iCANS,6,1,100000,99360,138,-0.3465275303353128,-0.6884943015589988,0.49668787446657175
iCANS,6,2,5000,4320,6,-0.06282572720832219,-0.6884943015589988,0.9087490963017965
iCANS,6,2,10000,9360,13,-0.07198004688460395,-0.6884943015589988,0.8954529518666818
iCANS,6,2,20000,19440,27,-0.08948131295835436,-0.6884943015589988,0.8700333281542978
iCANS,6,2,50000,49680,69,-0.1386838910969167,-0.6884943015589988,0.7985692971127191
iCANS,6,2,100000,99360,138,-0.298146087910566,-0.6884943015589988,0.5669592511725137
iCANS,6,3,5000,4320,6,-0.04222817225142704,-0.6884943015589988,0.9386659088451317
iCANS,6,3,10000,9360,13,-0.06321685218432167,-0.6884943015589988,0.9081810088461502
iCANS,6,3,20000,19440,27,-0.09740158895667175,-0.6884943015589988,0.8585295640993404
iCANS,6,3,50000,49680,69,-0.18559522750737725,-0.6884943015589988,0.7304331683107285
iCANS,6,3,100000,99360,138,-0.25127682084767144,-0.6884943015589988,0.6350342765674454
iCANS,6,4,5000,4320,6,-0.12584735936003527,-0.6884943015589988,0.8172136514782016
iCANS,6,4,10000,9360,13,-0.16648441901928415,-0.6884943015589988,0.7581905636077111
iCANS,6,4,20000,19440,27,-0.2640814402364363,-0.6884943015589988,0.6164362731275177
iCANS,6,4,50000,49680,69,-0.45693419417128467,-0.6884943015589988,0.3363282845818458
iCANS,6,4,100000,99360,138,-0.5734477247919249,-0.6884943015589988,0.16709880750874354
iCANS,6,5,5000,4320,6,0.000230708528603428,-0.6884943015589988,1.0003350914133653
iCANS,6,5,10000,9360,13,-0.011763813896863373,-0.6884943015589988,0.9829137091327758
iCANS,6,5,20000,19440,27,-0.034916479266759864,-0.6884943015589988,0.9492857396383726
iCANS,6,5,50000,49680,69,-0.10359798663938855,-0.6884943015589988,0.8495296382195097
iCANS,6,5,100000,99360,138,-0.25806004171091756,-0.6884943015589988,0.6251820223833708
iCANS,6,6,5000,4320,6,-0.031623750630445896,-0.6884943015589988,0.9540682463764213
iCANS,6,6,10000,9360,13,-0.057468847737211975,-0.6884943015589988,0.9165296682818118
iCANS,6,6,20000,19440,27,-0.12222124150427395,-0.6884943015589988,0.8224803876698455
iCANS,6,6,50000,49680,69,-0.3033238224156501,-0.6884943015589988,0.559438877375142
iCANS,6,6,100000,99360,138,-0.5048561658925069,-0.6884943015589988,0.2667242637312598
iCANS,6,7,5000,4320,6,0.01795207015072986,-0.6884943015589988,1.0260743917706798
iCANS,6,7,10000,9360,13,-0.009774874467775009,-0.6884943015589988,0.9858025339561399
iCANS,6,7,20000,19440,27,-0.060179790839028656,-0.6884943015589988,0.9125921729449903
iCANS,6,7,50000,49680,69,-0.33611018846764895,-0.6884943015589988,0.5118184889743103
iCANS,6,7,100000,99360,138,-0.6108988629550711,-0.6884943015589988,0.11270309489595441
iCANS,6,8,5000,4320,6,0.003786154824475271,-0.6884943015589988,1.0054991810620684
iCANS,6,8,10000,9360,13,-0.011035895964337258,-0.6884943015589988,0.9839709697823961
iCANS,6,8,20000,19440,27,-0.04656513260954414,-0.6884943015589988,0.9323667131244168
iCANS,6,8,50000,49680,69,-0.21221067580425118,-0.6884943015589988,0.6917756976002127
iCANS,6,8,100000,99360,138,-0.5806451950277424,-0.6884943015589988,0.15664487895839846
iCANS,6,9,5000,4320,6,-0.08083746269008786,-0.6884943015589988,0.8825880439285514
iCANS,6,9,10000,9360,13,-0.08970068865875289,-0.6884943015589988,0.8697146970488524
iCANS,6,9,20000,19440,27,-0.12041751104805831,-0.6884943015589988,0.8251002066750738
iCANS,6,9,50000,49680,69,-0.189670156201689,-0.6884943015589988,0.7245145591296724
iCANS,6,9,100000,99360,138,-0.4066657914447569,-0.6884943015589988,0.40934036705326504
iCANS,7,0,5000,4200,5,-0.007561688411092286,-0.5499388054378248,0.986249945746105
iCANS,7,0,10000,9240,11,-0.019818260509273607,-0.5499388054378248,0.9639627894716475
iCANS,7,0,20000,19320,23,-0.04529249882247476,-0.5499388054378248,0.9176408386267343
iCANS,7,0,50000,49560,59,-0.10300717443959242,-0.5499388054378248,0.8126933880259916
iCANS,7,0,100000,99960,119,-0.25912053394418033,-0.5499388054378248,0.5288193315656535
iCANS,7,1,5000,4200,5,-0.016214251095776358,-0.5499388054378248,0.970516263017905
iCANS,7,1,10000,9240,11,-0.028396489829046127,-0.5499388054378248,0.948364273355035
iCANS,7,1,20000,19320,23,-0.055761271411132844,-0.5499388054378248,0.8986045886201113
iCANS,7,1,50000,49560,59,-0.10907006549201227,-0.5499388054378248,0.8016687231133327
iCANS,7,1,100000,99960,119,-0.16697580496180692,-0.5499388054378248,0.6963738450337728
iCANS,7,2,5000,4200,5,-0.062144628642598246,-0.5499388054378248,0.8869971930911063
iCANS,7,2,10000,9240,11,-0.08636015482397419,-0.5499388054378248,0.8429640644194585
iCANS,7,2,20000,19320,23,-0.13005459019747273,-0.5499388054378248,0.7635107962713562
iCANS,7,2,50000,49560,59,-0.20212430366408066,-0.5499388054378248,0.6324603725624296
iCANS,7,2,100000,99960,119,-0.2489956000206394,-0.5499388054378248,0.547230350798021
iCANS,7,3,5000,4200,5,0.08671441829303266,-0.5499388054378248,1.157680122652913
iCANS,7,3,10000,9240,11,0.07465339519919373,-0.5499388054378248,1.135748549585912
iCANS,7,3,20000,19320,23,0.0446214649394088,-0.5499388054378248,1.0811389640050661
iCANS,7,3,50000,49560,59,-0.03143498692690706,-0.5499388054378248,0.9428391184326762
iCANS,7,3,100000,99960,119,-0.1350690006146812,-0.5499388054378248,0.7543926719134719
iCANS,7,4,5000,4200,5,-0.03736645789984891,-0.5499388054378248,0.9320534257077926
iCANS,7,4,10000,9240,11,-0.049165047117165864,-0.5499388054378248,0.9105990582388092
iCANS,7,4,20000,19320,23,-0.07015119488300317,-0.5499388054378248,0.8724381800495904
iCANS,7,4,50000,49560,59,-0.12978416337447632,-0.5499388054378248,0.7640025361164489
iCANS,7,4,100000,99960,119,-0.21692119658795048,-0.5499388054378248,0.6055539371962445
iCANS,7,5,5000,4200,5,-0.0555664712607337,-0.5499388054378248,0.8989588101234366
iCANS,7,5,10000,9240,11,-0.0702441319809563,-0.5499388054378248,0.8722691847049553
iCANS,7,5,20000,19320,23,-0.095425321859705,-0.5499388054378248,0.8264801084845547
iCANS,7,5,50000,49560,59,-0.16034507840420736,-0.5499388054378248,0.7084310530213426
iCANS,7,5,100000,99960,119,-0.2449863616013638,-0.5499388054378248,0.5545206863401431
iCANS,7,6,5000,4200,5,-0.03855420525358307,-0.5499388054378248,0.929893644761277
iCANS,7,6,10000,9240,11,-0.05228602203291503,-0.5499388054378248,0.9049239269607673
iCANS,7,6,20000,19320,23,-0.08524140782331763,-0.5499388054378248,0.8449983762185066
iCANS,7,6,50000,49560,59,-0.1682914386685237,-0.5499388054378248,0.6939815175716847
iCANS,7,6,100000,99960,119,-0.26887907027014407,-0.5499388054378248,0.5110745639124695
iCANS,7,7,5000,4200,5,-0.026759959245834335,-0.5499388054378248,0.9513401146068793
iCANS,7,7,10000,9240,11,-0.03173027108902553,-0.5499388054378248,0.9423021783964418
iCANS,7,7,20000,19320,23,-0.04116081248387758,-0.5499388054378248,0.9251538315229308
iCANS,7,7,50000,49560,59,-0.07249328103681386,-0.5499388054378248,0.8681793677405625
iCANS,7,7,100000,99960,119,-0.16493296640522323,-0.5499388054378248,0.7000885102590377
iCANS,7,8,5000,4200,5,-0.07375764005203833,-0.5499388054378248,0.8658802773641017
iCANS,7,8,10000,9240,11,-0.08346853698399438,-0.5499388054378248,0.8482221364292665
iCANS,7,8,20000,19320,23,-0.09946859303194969,-0.5499388054378248,0.8191278883243029
iCANS,7,8,50000,49560,59,-0.1382584882352447,-0.5499388054378248,0.7485929582198287
iCANS,7,8,100000,99960,119,-0.23537341030196968,-0.5499388054378248,0.5720007244904622
iCANS,7,9,5000,4200,5,0.047022159571328284,-0.5499388054378248,1.085504349040967
iCANS,7,9,10000,9240,11,0.02254283604143764,-0.5499388054378248,1.0409915354554593
iCANS,7,9,20000,19320,23,-0.016210481481193993,-0.5499388054378248,0.9705231176252633
iCANS,7,9,50000,49560,59,-0.10737313051096346,-0.5499388054378248,0.8047544027639946
iCANS,7,9,100000,99960,119,-0.2549655526304707,-0.5499388054378248,0.5363746836750608
gCANS,3,0,5000,4680,13,-0.34160983188767924,-0.920476372171203,0.6288771312164199
gCANS,3,0,10000,9720,27,-0.47074860795995754,-0.920476372171203,0.4885815408280777
gCANS,3,0,20000,19800,55,-0.7848209726474682,-0.920476372171203,0.14737521095055742
gCANS,3,0,50000,49602,130,-0.9147889491479759,-0.920476372171203,0.0061787821992776645
gCANS,3,0,100000,99676,182,-0.9173142012373098,-0.920476372171203,0.003435363502524664
gCANS,3,1,5000,4680,13,-0.5225890431753293,-0.920476372171203,0.43226240349585976
gCANS,3,1,10000,9720,27,-0.7235908887156164,-0.920476372171203,0.21389520623020092
gCANS,3,1,20000,19800,55,-0.9019218152410081,-0.920476372171203,0.02015755916301118
gCANS,3,1,50000,49450,115,-0.9176716964002857,-0.920476372171203,0.003046982905494625
gCANS,3,1,100000,100000,153,-0.9195403941539126,-0.920476372171203,0.0010168408941151061
gCANS,3,2,5000,4680,13,-0.28425152427353606,-0.920476372171203,0.69119085196826
gCANS,3,2,10000,9720,27,-0.45335431654357067,-0.920476372171203,0.5074785945083993
gCANS,3,2,20000,19800,55,-0.8100438886483899,-0.920476372171203,0.11997318656026656
gCANS,3,2,50000,49708,128,-0.9153822967511075,-0.920476372171203,0.0055341729283932975
gCANS,3,2,100000,100000,172,-0.9176244590490673,-0.920476372171203,0.0030983012800303482
gCANS,3,3,5000,4680,13,-0.41370262197246865,-0.920476372171203,0.5505559572413202
gCANS,3,3,10000,9720,27,-0.5902548404322774,-0.920476372171203,0.3587506879291264
gCANS,3,3,20000,19800,55,-0.7759929906672947,-0.920476372171203,0.15696587753046132
gCANS,3,3,50000,49972,131,-0.9090330592275442,-0.920476372171203,0.01243194642429178
gCANS,3,3,100000,100000,187,-0.9144628595051801,-0.920476372171203,0.006533044027885623
gCANS,3,4,5000,4680,13,-0.3888473206162809,-0.920476372171203,0.5775586072904024
gCANS,3,4,10000,9720,27,-0.6388837311858436,-0.920476372171203,0.3059205532034937
gCANS,3,4,20000,19800,55,-0.807437999485495,-0.920476372171203,0.12280420888922458
gCANS,3,4,50000,49508,123,-0.907424241368032,-0.920476372171203,0.01417975648020589
gCANS,3,4,100000,100000,164,-0.912341794789398,-0.920476372171203,0.008837355990591387
gCANS,3,5,5000,4680,13,-0.6210535566051965,-0.920476372171203,0.3252911477344426
gCANS,3,5,10000,9720,27,-0.7199081886024437,-0.920476372171203,0.21789606950547005
gCANS,3,5,20000,19800,55,-0.8509203763545851,-0.920476372171203,0.07556521592460928
gCANS,3,5,50000,49252,112,-0.9047235193447619,-0.920476372171203,0.017113804658867644
gCANS,3,5,100000,99676,155,-0.9130025107613036,-0.920476372171203,0.008119558128657082
gCANS,3,6,5000,4680,13,-0.1937653980296536,-0.920476372171203,0.7894944358293485
gCANS,3,6,10000,9720,27,-0.4908849324731104,-0.920476372171203,0.46670555886706805
gCANS,3,6,20000,19800,55,-0.7656950412826073,-0.920476372171203,0.16815350786625874
gCANS,3,6,50000,49344,127,-0.8949404893334705,-0.920476372171203,0.027742029681325747
gCANS,3,6,100000,100000,172,-0.9069215184105343,-0.920476372171203,0.014725911680596254
gCANS,3,7,5000,4680,13,-0.40551646772105954,-0.920476372171203,0.5594493460331473
gCANS,3,7,10000,9720,27,-0.6417643553672215,-0.920476372171203,0.30279106040121445
gCANS,3,7,20000,19800,55,-0.8218605981265896,-0.920476372171203,0.10713558438442077
gCANS,3,7,50000,49730,120,-0.9033142471498272,-0.920476372171203,0.018644829503764563
gCANS,3,7,100000,100000,170,-0.9144285993638211,-0.920476372171203,0.006570264039604312
gCANS,3,8,5000,4680,13,-0.038684926898368416,-0.920476372171203,0.9579729278578666
gCANS,3,8,10000,9720,27,-0.26111380978852694,-0.920476372171203,0.7163275259606975
gCANS,3,8,20000,19800,55,-0.6994887072248974,-0.920476372171203,0.24007967138259498
gCANS,3,8,50000,49494,133,-0.9134554279143964,-0.920476372171203,0.0076275116549116674
gCANS,3,8,100000,100000,185,-0.9177014832062231,-0.920476372171203,0.003014622698499633
gCANS,3,9,5000,4680,13,-0.38750162307005465,-0.920476372171203,0.5790205650189338
gCANS,3,9,10000,9720,27,-0.7202010970990127,-0.920476372171203,0.2175778554747523
gCANS,3,9,20000,19800,55,-0.8841999742676725,-0.920476372171203,0.03941046071390451
gCANS,3,9,50000,49362,126,-0.9133358523595951,-0.920476372171203,0.007757417819172234
gCANS,3,9,100000,100000,172,-0.9177897658739651,-0.920476372171203,0.0029187129387154374
gCANS,4,0,5000,4800,10,-0.44691767524893095,-0.9173632924615879,0.5128236774662047
gCANS,4,0,10000,9600,20,-0.6206052944355739,-0.9173632924615879,0.32349015974872347
gCANS,4,0,20000,19680,41,-0.7640710159223192,-0.9173632924615879,0.1671009487723615
gCANS,4,0,50000,49746,102,-0.8970308027676288,-0.9173632924615879,0.02216405415503415
gCANS,4,0,100000,99612,158,-0.9090535931839561,-0.9173632924615879,0.009058242624177985
gCANS,4,1,5000,4800,10,0.03041126666391515,-0.9173632924615879,1.033150734189845
gCANS,4,1,10000,9600,20,-0.06995114871985599,-0.9173632924615879,0.9237476043627667
gCANS,4,1,20000,19680,41,-0.261732766690533,-0.9173632924615879,0.7146901681794812
gCANS,4,1,50000,49928,104,-0.7705841388554705,-0.9173632924615879,0.16000111930820837
gCANS,4,1,100000,99648,172,-0.858243620860025,-0.9173632924615879,0.06444521171424386
gCANS,4,2,5000,4800,10,-0.516954303575907,-0.9173632924615879,0.43647810216086985
gCANS,4,2,10000,9600,20,-0.6791520944705846,-0.9173632924615879,0.25966942426026685
gCANS,4,2,20000,19680,41,-0.7837038335128625,-0.9173632924615879,0.14569959365833463
gCANS,4,2,50000,49354,97,-0.8445697111992685,-0.9173632924615879,0.07935087643085241
gCANS,4,2,100000,99552,149,-0.8851785674368511,-0.9173632924615879,0.03508394688256446
gCANS,4,3,5000,4800,10,-0.5109367763266256,-0.9173632924615879,0.44303769234583834
gCANS,4,3,10000,9600,20,-0.6177099724672444,-0.9173632924615879,0.3266462942835602
gCANS,4,3,20000,19680,41,-0.7245955783896731,-0.9173632924615879,0.21013236049009054
gCANS,4,3,50000,49816,100,-0.8710026187744979,-0.9173632924615879,0.050536874614515045
gCANS,4,3,100000,100000,162,-0.9056233598005444,-0.9173632924615879,0.012797473757142979
gCANS,4,4,5000,4800,10,0.04139782403597264,-0.9173632924615879,1.045126968101033
gCANS,4,4,10000,9600,20,-0.3278013116707327,-0.9173632924615879,0.6426701238599445
gCANS,4,4,20000,19680,41,-0.6203178192900806,-0.9173632924615879,0.32380353085028774
gCANS,4,4,50000,49424,101,-0.8238370080484108,-0.9173632924615879,0.10195119554240642
gCANS,4,4,100000,99550,161,-0.8808004527901107,-0.9173632924615879,0.03985644506590958
gCANS,4,5,5000,4800,10,-0.083752566061442,-0.9173632924615879,0.9087029459869641
gCANS,4,5,10000,9600,20,-0.21270381361041119,-0.9173632924615879,0.7681356826043727
gCANS,4,5,20000,19680,41,-0.4599057593214644,-0.9173632924615879,0.49866561797193154
gCANS,4,5,50000,49920,104,-0.7479521449024809,-0.9173632924615879,0.18467181862544457
gCANS,4,5,100000,99778,185,-0.8798593760632432,-0.9173632924615879,0.04088229462256916
gCANS,4,6,5000,4800,10,-0.48697876076737484,-0.9173632924615879,0.46915386219493216
gCANS,4,6,10000,9600,20,-0.5824053893054119,-0.9173632924615879,0.36513113824008986
gCANS,4,6,20000,19680,41,-0.7038587227207758,-0.9173632924615879,0.23273720618132543
gCANS,4,6,50000,49882,103,-0.8552174889812415,-0.9173632924615879,0.06774393960498323
gCANS,4,6,100000,99564,179,-0.9105017593402647,-0.9173632924615879,0.0074796246783664635
gCANS,4,7,5000,4800,10,-0.16634140976546277,-0.9173632924615879,0.8186744432305396
gCANS,4,7,10000,9600,20,-0.39549510664190635,-0.9173632924615879,0.5688784259280064
gCANS,4,7,20000,19680,41,-0.5975493964225977,-0.9173632924615879,0.3486229486911604
gCANS,4,7,50000,49506,102,-0.7102620021800286,-0.9173632924615879,0.22575711496569517
gCANS,4,7,100000,100000,163,-0.7471668686653663,-0.9173632924615879,0.18552783307857076
gCANS,4,8,5000,4800,10,-0.07059224802689011,-0.9173632924615879,0.9230487543953629
gCANS,4,8,10000,9600,20,-0.2803787762959549,-0.9173632924615879,0.6943645133831261
gCANS,4,8,20000,19680,41,-0.5712713285074111,-0.9173632924615879,0.37726816278586645
gCANS,4,8,50000,49860,102,-0.8443350448713428,-0.9173632924615879,0.07960668166074776
gCANS,4,8,100000,100000,166,-0.9016063369985229,-0.9173632924615879,0.017176352697505358
gCANS,4,9,5000,4800,10,-0.2674306012918515,-0.9173632924615879,0.7084790687730189
gCANS,4,9,10000,9600,20,-0.5481979257974288,-0.9173632924615879,0.4024200332602876
gCANS,4,9,20000,19680,41,-0.7844393621068897,-0.9173632924615879,0.14489780814972386
gCANS,4,9,50000,49684,97,-0.8922463057653998,-0.9173632924615879,0.0273795418920578
gCANS,4,9,100000,100000,140,-0.9062038995816142,-0.9173632924615879,0.012164638558873845
gCANS,5,0,5000,4800,8,-0.014838294882595492,-0.509782396398741,0.9708928849104682
gCANS,5,0,10000,9600,16,-0.05823860313339209,-0.509782396398741,0.8857579164270728
gCANS,5,0,20000,19800,33,-0.135811323721812,-0.509782396398741,0.7335896165084851
gCANS,5,0,50000,49800,83,-0.3340307484876222,-0.509782396398741,0.34475817359069727
gCANS,5,0,100000,99798,166,-0.4473604344276373,-0.509782396398741,0.12244824931592692
gCANS,5,1,5000,4800,8,0.04141830726965028,-0.509782396398741,1.0812470331699209
gCANS,5,1,10000,9600,16,0.01748084911725173,-0.509782396398741,1.0342908057256228
gCANS,5,1,20000,19800,33,-0.06280102586884316,-0.509782396398741,0.8768081708735161
gCANS,5,1,50000,49800,83,-0.31333106418212964,-0.509782396398741,0.3853631149376749
gCANS,5,1,100000,99456,165,-0.4282058662912901,-0.509782396398741,0.16002225789617788
gCANS,5,2,5000,4800,8,-0.06896808928121861,-0.509782396398741,0.8647107280117353
gCANS,5,2,10000,9600,16,-0.20087510181510906,-0.509782396398741,0.6059591244535859
gCANS,5,2,20000,19800,33,-0.33497861971808945,-0.509782396398741,0.3428988092086329
gCANS,5,2,50000,49800,83,-0.41614633457465955,-0.509782396398741,0.18367849201062117
gCANS,5,2,100000,100000,143,-0.4470244691366955,-0.509782396398741,0.12310728598199291
gCANS,5,3,5000,4800,8,0.06493591968091852,-0.509782396398741,1.1273796822715842
gCANS,5,3,10000,9600,16,0.013046293668221298,-0.509782396398741,1.025591887362891
gCANS,5,3,20000,19800,33,-0.05547655872506625,-0.509782396398741,0.8911760015313012
gCANS,5,3,50000,49800,83,-0.20482136624538033,-0.509782396398741,0.598218048147011
gCANS,5,3,100000,100000,155,-0.29052747585100114,-0.509782396398741,0.4300951192050251
gCANS,5,4,5000,4800,8,-0.00105976360536911,-0.509782396398741,0.997921145153588
gCANS,5,4,10000,9600,16,-0.025285785545465518,-0.509782396398741,0.9503988648409752
gCANS,5,4,20000,19800,33,-0.06626485733786941,-0.509782396398741,0.8700134453327838
gCANS,5,4,50000,49800,83,-0.2113554478359736,-0.509782396398741,0.585400654614492
gCANS,5,4,100000,99504,165,-0.3832071834412989,-0.509782396398741,0.24829263201634302
gCANS,5,5,5000,4800,8,-0.11349485892322614,-0.509782396398741,0.777366068885492
gCANS,5,5,10000,9600,16,-0.16930316487271074,-0.509782396398741,0.6678913079998051
gCANS,5,5,20000,19800,33,-0.2748339693226083,-0.509782396398741,0.46087983566298163
gCANS,5,5,50000,49800,83,-0.38873075239995314,-0.509782396398741,0.23745748157239985
gCANS,5,5,100000,99696,146,-0.4168406968615903,-0.509782396398741,0.1823164161683874
gCANS,5,6,5000,4800,8,0.0512126052426837,-0.509782396398741,1.1004597365551756
gCANS,5,6,10000,9600,16,0.019063731272077403,-0.509782396398741,1.0373958210537466
gCANS,5,6,20000,19800,33,-0.03250165729651236,-0.509782396398741,0.9362440572171303
gCANS,5,6,50000,49800,83,-0.15342830543409616,-0.509782396398741,0.6990317701867294
gCANS,5,6,100000,99878,152,-0.20793807497358088,-0.509782396398741,0.5921042459635344
gCANS,5,7,5000,4800,8,-0.06562683562553936,-0.509782396398741,0.8712650023046158
gCANS,5,7,10000,9600,16,-0.09217154079965498,-0.509782396398741,0.8191943436046774
gCANS,5,7,20000,19800,33,-0.1459587954371721,-0.509782396398741,0.7136841199926287
gCANS,5,7,50000,49800,83,-0.2736691743410012,-0.509782396398741,0.46316472229271927
gCANS,5,7,100000,99864,162,-0.4161575534178985,-0.509782396398741,0.18365648488891942
gCANS,5,8,5000,4800,8,0.06635719987316288,-0.509782396398741,1.1301676957500504
gCANS,5,8,10000,9600,16,0.042279912603876764,-0.509782396398741,1.0829371765336642
gCANS,5,8,20000,19800,33,-0.0214347940017882,-0.509782396398741,0.9579530518252294
gCANS,5,8,50000,49800,83,-0.2962390570818403,-0.509782396398741,0.41889115988593617
gCANS,5,8,100000,99600,166,-0.48133387223981494,-0.509782396398741,0.05580523054521921
gCANS,5,9,5000,4800,8,-0.036142252544470885,-0.509782396398741,0.9291025880850519
gCANS,5,9,10000,9600,16,-0.06551751225042925,-0.509782396398741,0.8714794533642883
gCANS,5,9,20000,19800,33,-0.14998089840152853,-0.509782396398741,0.705794277203294
gCANS,5,9,50000,49800,83,-0.328171874976671,-0.509782396398741,0.35625106458171635
gCANS,5,9,100000,99518,165,-0.45110204997142767,-0.509782396398741,0.11510861662122758
gCANS,6,0,5000,4320,6,0.012802284331436422,-0.6884943015589988,1.0185946118979452
gCANS,6,0,10000,9360,13,-0.00011442395691985694,-0.6884943015589988,0.9998338055134796
gCANS,6,0,20000,19440,27,-0.022517439124305472,-0.6884943015589988,0.9672946615922341
gCANS,6,0,50000,49618,68,-0.09161820578236549,-0.6884943015589988,0.8669296091849868
gCANS,6,0,100000,99820,131,-0.24708539359692763,-0.6884943015589988,0.6411220934763914
gCANS,6,1,5000,4320,6,0.08977118736041607,-0.6884943015589988,1.1303876984270484
gCANS,6,1,10000,9360,13,0.05339621906060324,-0.6884943015589988,1.0775550631859914
gCANS,6,1,20000,19440,27,-0.017732509906407817,-0.6884943015589988,0.9742445073746361
gCANS,6,1,50000,49680,69,-0.18058432033510433,-0.6884943015589988,0.7377112346083382
gCANS,6,1,100000,99360,138,-0.3917001909164279,-0.6884943015589988,0.43107707641228443
gCANS,6,2,5000,4320,6,-0.05760853935743749,-0.6884943015589988,0.9163267739079451
gCANS,6,2,10000,9360,13,-0.06727310276160957,-0.6884943015589988,0.9022895285999041
gCANS,6,2,20000,19440,27,-0.08435354303155156,-0.6884943015589988,0.8774811311574479
gCANS,6,2,50000,49564,64,-0.14806036013867924,-0.6884943015589988,0.7849504929766052
gCANS,6,2,100000,99936,133,-0.5047038845887055,-0.6884943015589988,0.2669454439261526
gCANS,6,3,5000,4320,6,-0.045458963980667594,-0.6884943015589988,0.933973362048557
gCANS,6,3,10000,9360,13,-0.05992844459094402,-0.6884943015589988,0.9129572395076554
gCANS,6,3,20000,19440,27,-0.09115933870843274,-0.6884943015589988,0.867596088301653
gCANS,6,3,50000,49680,69,-0.1840653452125982,-0.6884943015589988,0.7326552379652118
gCANS,6,3,100000,99962,134,-0.2505002705910999,-0.6884943015589988,0.6361621729854885
gCANS,6,4,5000,4320,6,-0.12337398349582929,-0.6884943015589988,0.8208060935051079
gCANS,6,4,10000,9360,13,-0.1572388779842563,-0.6884943015589988,0.771619202035208
gCANS,6,4,20000,19440,27,-0.2394612485689873,-0.6884943015589988,0.6521957436295974
gCANS,6,4,50000,49680,69,-0.44593494936312195,-0.6884943015589988,0.3523040810165534
gCANS,6,4,100000,99360,138,-0.5764454828270426,-0.6884943015589988,0.16274472930020978
gCANS,6,5,5000,4320,6,-0.00423307819997302,-0.6884943015589988,0.993851687384503
gCANS,6,5,10000,9360,13,-0.022530908601047936,-0.6884943015589988,0.9672750979201573
gCANS,6,5,20000,19440,27,-0.053331886205168905,-0.6884943015589988,0.9225383767383313
gCANS,6,5,50000,49680,69,-0.11614068989897579,-0.6884943015589988,0.8313120535115666
gCANS,6,5,100000,99570,127,-0.1828479999868933,-0.6884943015589988,0.7344233647644438
gCANS,6,6,5000,4320,6,-0.025892571196983915,-0.6884943015589988,0.9623924684077212
gCANS,6,6,10000,9360,13,-0.051891861404540905,-0.6884943015589988,0.9246299333385344
gCANS,6,6,20000,19440,27,-0.0962758105972854,-0.6884943015589988,0.8601646950754969
gCANS,6,6,50000,49680,69,-0.2576546084204893,-0.6884943015589988,0.6257708918765681
gCANS,6,6,100000,99360,138,-0.49290390471249723,-0.6884943015589988,0.2840842638836873
gCANS,6,7,5000,4320,6,0.0295414364896135,-0.6884943015589988,1.0429073071813681
gCANS,6,7,10000,9360,13,-0.009250919724725328,-0.6884943015589988,0.9865635493223721
gCANS,6,7,20000,19440,27,-0.08048784215248997,-0.6884943015589988,0.883095848476543
gCANS,6,7,50000,49680,69,-0.4309993418364796,-0.6884943015589988,0.37399722719484824
gCANS,6,7,100000,99360,138,-0.6138777111355385,-0.6884943015589988,0.1083764822083517
gCANS,6,8,5000,4320,6,-0.0024215620535187705,-0.6884943015589988,0.9964828146753931
gCANS,6,8,10000,9360,13,-0.023990758478801433,-0.6884943015589988,0.9651547464888559
gCANS,6,8,20000,19440,27,-0.06028906166912475,-0.6884943015589988,0.9124334630909673
gCANS,6,8,50000,49680,69,-0.278790721337423,-0.6884943015589988,0.5950718535997459
gCANS,6,8,100000,99360,138,-0.6322840522713083,-0.6884943015589988,0.08164228688663108
gCANS,6,9,5000,4320,6,-0.07636539960873004,-0.6884943015589988,0.8890834689033573
gCANS,6,9,10000,9360,13,-0.08935966474557593,-0.6884943015589988,0.8702100154740083
gCANS,6,9,20000,19486,27,-0.11353765984163422,-0.6884943015589988,0.8350928111030925
gCANS,6,9,50000,49284,64,-0.1751941953854358,-0.6884943015589988,0.7455400938123481
gCANS,6,9,100000,99318,130,-0.36342125157416866,-0.6884943015589988,0.47215067611852096
gCANS,7,0,5000,4200,5,-0.0089649400359501,-0.5499388054378248,0.983698295251573
gCANS,7,0,10000,9240,11,-0.015562290959857158,-0.5499388054378248,0.971701776986864
gCANS,7,0,20000,19320,23,-0.03942132679188789,-0.5499388054378248,0.9283168847113757
gCANS,7,0,50000,49470,57,-0.10408908110269732,-0.5499388054378248,0.8107260661123404
gCANS,7,0,100000,99940,116,-0.23683899677603265,-0.5499388054378248,0.5693357252949678
gCANS,7,1,5000,4200,5,-0.01733005438696197,-0.5499388054378248,0.9684873040134621
gCANS,7,1,10000,9240,11,-0.027960081073434194,-0.5499388054378248,0.9491578321133854
gCANS,7,1,20000,19320,23,-0.04390294293865514,-0.5499388054378248,0.9201675850030213
gCANS,7,1,50000,49560,59,-0.09595347752281463,-0.5499388054378248,0.825519718605013
gCANS,7,1,100000,99276,118,-0.16014970922290822,-0.5499388054378248,0.7087863092414298
gCANS,7,2,5000,4200,5,-0.059159301834574164,-0.5499388054378248,0.8924256640018784
gCANS,7,2,10000,9240,11,-0.0774028446412348,-0.5499388054378248,0.8592518951638414
gCANS,7,2,20000,19320,23,-0.12011135642336576,-0.5499388054378248,0.7815914148343449
gCANS,7,2,50000,49560,59,-0.1910310735531377,-0.5499388054378248,0.6526321262216594
gCANS,7,2,100000,100000,116,-0.23983493339442682,-0.5499388054378248,0.5638879616733244
gCANS,7,3,5000,4200,5,0.08718711293246173,-0.5499388054378248,1.158539663086785
gCANS,7,3,10000,9240,11,0.07411224973475458,-0.5499388054378248,1.134764539257693
gCANS,7,3,20000,19320,23,0.041917889138964055,-0.5499388054378248,1.076222824656994
gCANS,7,3,50000,49560,59,-0.0289438003263484,-0.5499388054378248,0.9473690526288553
gCANS,7,3,100000,99960,119,-0.15072159231124235,-0.5499388054378248,0.725930247473175
gCANS,7,4,5000,4200,5,-0.03555662683444695,-0.5499388054378248,0.9353443938073454
gCANS,7,4,10000,9240,11,-0.04649835273694602,-0.5499388054378248,0.915448132997403
gCANS,7,4,20000,19320,23,-0.06987889428039441,-0.5499388054378248,0.8729333271458058
gCANS,7,4,50000,49560,59,-0.1332921775186033,-0.5499388054378248,0.7576236188452187
gCANS,7,4,100000,99478,118,-0.2289289948973343,-0.5499388054378248,0.5837191472329795
gCANS,7,5,5000,4200,5,-0.05140520054636337,-0.5499388054378248,0.9065255987792351
gCANS,7,5,10000,9240,11,-0.0693585589139006,-0.5499388054378248,0.8738794967220364
gCANS,7,5,20000,19320,23,-0.09975616144549464,-0.5499388054378248,0.8186049784828779
gCANS,7,5,50000,49560,59,-0.18297359637010813,-0.5499388054378248,0.6672837149136317
gCANS,7,5,100000,99960,119,-0.28395697654472174,-0.5499388054378248,0.483657138327138
gCANS,7,6,5000,4200,5,-0.032154774669739095,-0.5499388054378248,0.941530267819272
gCANS,7,6,10000,9240,11,-0.05110492683167702,-0.5499388054378248,0.9070716117387085
gCANS,7,6,20000,19320,23,-0.08721791043863178,-0.5499388054378248,0.8414043352165435
gCANS,7,6,50000,49560,59,-0.1631853856728596,-0.5499388054378248,0.7032662833404851
gCANS,7,6,100000,99982,119,-0.24789600054156663,-0.5499388054378248,0.5492298450475626
gCANS,7,7,5000,4200,5,-0.02503046166480779,-0.5499388054378248,0.9544850055727924
gCANS,7,7,10000,9240,11,-0.028701394900503517,-0.5499388054378248,0.9478098388098775
gCANS,7,7,20000,19030,22,-0.03636654044096031,-0.5499388054378248,0.9338716597531107
gCANS,7,7,50000,49584,46,-0.05834756191623996,-0.5499388054378248,0.8939017189925568
gCANS,7,7,100000,100000,82,-0.0942288016386853,-0.5499388054378248,0.8286558418737762
gCANS,7,8,5000,4200,5,-0.07065401982134156,-0.5499388054378248,0.8715238511581457
gCANS,7,8,10000,9258,11,-0.07580697764198362,-0.5499388054378248,0.8621537943996676
gCANS,7,8,20000,19830,23,-0.09019882623800779,-0.5499388054378248,0.835983885213924
gCANS,7,8,50000,49924,53,-0.11956953098247881,-0.5499388054378248,0.7825766616209499
gCANS,7,8,100000,99914,101,-0.19994364119226954,-0.5499388054378248,0.6364256546088111
gCANS,7,9,5000,4200,5,0.04033361969055092,-0.5499388054378248,1.0733420142236372
gCANS,7,9,10000,9240,11,0.020556471899447145,-0.5499388054378248,1.0373795624098237
gCANS,7,9,20000,19320,23,-0.01697728229220673,-0.5499388054378248,0.9691287791944586
gCANS,7,9,50000,49560,59,-0.11008439610235458,-0.5499388054378248,0.7998242804220504
gCANS,7,9,100000,99960,119,-0.26004670679868025,-0.5499388054378248,0.5271351935391279
Rosalin,3,0,5000,4680,13,-0.3261728130402912,-0.920476372171203,0.645647815738148
Rosalin,3,0,10000,9720,27,-0.49816859821381454,-0.920476372171203,0.4587926281706249
Rosalin,3,0,20000,19800,55,-0.7931354724308709,-0.920476372171203,0.13834238834394275
Rosalin,3,0,50000,49752,138,-0.9106284998583116,-0.920476372171203,0.010698669309308214
Rosalin,3,0,100000,100000,212,-0.9133681491116804,-0.920476372171203,0.007722330821763394
Rosalin,3,1,5000,4680,13,-0.45860902708156254,-0.920476372171203,0.5017699085531073
Rosalin,3,1,10000,9720,27,-0.7439552226774241,-0.920476372171203,0.19177151617417842
Rosalin,3,1,20000,19800,55,-0.8797850191921757,-0.920476372171203,0.04420684138045319
Rosalin,3,1,50000,49644,135,-0.9063767244630476,-0.920476372171203,0.015317772551724953
Rosalin,3,1,100000,100000,188,-0.9179707602442158,-0.920476372171203,0.0027220817423885537
Rosalin,3,2,5000,4680,13,-0.3705132278115449,-0.920476372171203,0.5974766555521844
Rosalin,3,2,10000,9720,27,-0.559041705231123,-0.920476372171203,0.39266045046602827
Rosalin,3,2,20000,19800,55,-0.8134640658228544,-0.920476372171203,0.11625752662822837
Rosalin,3,2,50000,49680,138,-0.9129642522039871,-0.920476372171203,0.00816112199544726
Rosalin,3,2,100000,99828,226,-0.9190363751342299,-0.920476372171203,0.0015644041286758225
Rosalin,3,3,5000,4680,13,-0.42679417511422924,-0.920476372171203,0.5363333725693417
Rosalin,3,3,10000,9720,27,-0.6320072499495799,-0.920476372171203,0.31339112110090056
Rosalin,3,3,20000,19800,55,-0.8081905406648231,-0.920476372171203,0.1219866526736826
Rosalin,3,3,50000,49680,138,-0.8983104403225974,-0.920476372171203,0.024080935175251703
Rosalin,3,3,100000,100000,237,-0.9143212159383027,-0.920476372171203,0.006686924747869013
Rosalin,3,4,5000,4680,13,-0.41717194092678433,-0.920476372171203,0.5467869099749223
Rosalin,3,4,10000,9720,27,-0.7133570160255354,-0.920476372171203,0.225013224029986
Rosalin,3,4,20000,19800,55,-0.8817899462991592,-0.920476372171203,0.04202870061812777
Rosalin,3,4,50000,49748,135,-0.9104084056605335,-0.920476372171203,0.010937778323327743
Rosalin,3,4,100000,100000,186,-0.9139792639023513,-0.920476372171203,0.007058419385091315
Rosalin,3,5,5000,4680,13,-0.6026724925648412,-0.920476372171203,0.34526022526437233
Rosalin,3,5,10000,9720,27,-0.7268790911804033,-0.920476372171203,0.21032292282977996
Rosalin,3,5,20000,19800,55,-0.8422562080708857,-0.920476372171203,0.0849779162889461
Rosalin,3,5,50000,49634,128,-0.8979934261078583,-0.920476372171203,0.024425337513349105
Rosalin,3,5,100000,100000,201,-0.9134817937593819,-0.920476372171203,0.007598867959339876
Rosalin,3,6,5000,4680,13,-0.15735243075716815,-0.920476372171203,0.8290532646851021
Rosalin,3,6,10000,9720,27,-0.4088769885826399,-0.920476372171203,0.5557984963609786
Rosalin,3,6,20000,19800,55,-0.6750470395027989,-0.920476372171203,0.26663295233694034
Rosalin,3,6,50000,49680,138,-0.885180095667246,-0.920476372171203,0.0383456627145147
Rosalin,3,6,100000,100000,226,-0.9152298565189771,-0.920476372171203,0.005699783080635199
Rosalin,3,7,5000,4680,13,-0.42058134537339853,-0.920476372171203,0.5430829534696922
Rosalin,3,7,10000,9720,27,-0.626520048207835,-0.920476372171203,0.3193523841030152
Rosalin,3,7,20000,19800,55,-0.836203668685632,-0.920476372171203,0.09155335871011018
Rosalin,3,7,50000,49824,135,-0.8976284061666099,-0.920476372171203,0.024821892984281373
Rosalin,3,7,100000,100000,198,-0.9131221107222576,-0.920476372171203,0.007989625449698796
Rosalin,3,8,5000,4680,13,-0.03516448919709808,-0.920476372171203,0.9617975102238064
Rosalin,3,8,10000,9720,27,-0.20236908622059796,-0.920476372171203,0.7801474406743831
Rosalin,3,8,20000,19800,55,-0.750436969962661,-0.920476372171203,0.1847297848693891
Rosalin,3,8,50000,49680,138,-0.8919968351583027,-0.920476372171203,0.030939997890139508
Rosalin,3,8,100000,99720,242,-0.9123973626854186,-0.920476372171203,0.00877698736223703
Rosalin,3,9,5000,4680,13,-0.3694624936412597,-0.920476372171203,0.5986181668413951
Rosalin,3,9,10000,9720,27,-0.6037980986580834,-0.920476372171203,0.3440373735679327
Rosalin,3,9,20000,19800,55,-0.8368860694794044,-0.920476372171203,0.09081200258799406
Rosalin,3,9,50000,49680,138,-0.9145637611951964,-0.920476372171203,0.006423425038124589
Rosalin,3,9,100000,100000,215,-0.916269498094219,-0.920476372171203,0.004570322720029151
Rosalin,4,0,5000,4800,10,-0.4021321907034029,-0.9173632924615879,0.5616434688329967
Rosalin,4,0,10000,9600,20,-0.5658539701479051,-0.9173632924615879,0.3831735204604356
Rosalin,4,0,20000,19680,41,-0.7610299829557745,-0.9173632924615879,0.17041592005095343
Rosalin,4,0,50000,49920,104,-0.895137324962959,-0.9173632924615879,0.02422809772450055
Rosalin,4,0,100000,100000,195,-0.9075496437319548,-0.9173632924615879,0.010697668862790262
Rosalin,4,1,5000,4800,10,-0.004424812020649593,-0.9173632924615879,0.9951765979116339
Rosalin,4,1,10000,9600,20,-0.10288137097014331,-0.9173632924615879,0.8878510053589798
Rosalin,4,1,20000,19680,41,-0.5071873903570087,-0.9173632924615879,0.44712482554642247
Rosalin,4,1,50000,49920,104,-0.8691725715872256,-0.9173632924615879,0.052531773693550235
Rosalin,4,1,100000,100000,199,-0.8977686908104101,-0.9173632924615879,0.021359696656925303
Rosalin,4,2,5000,4800,10,-0.5597945317755202,-0.9173632924615879,0.38977879715090075
Rosalin,4,2,10000,9600,20,-0.6935655050869709,-0.9173632924615879,0.24395764384041768
Rosalin,4,2,20000,19680,41,-0.7795801658171755,-0.9173632924615879,0.1501947241367102
Rosalin,4,2,50000,49860,103,-0.8364716191592361,-0.9173632924615879,0.08817845009395657
Rosalin,4,2,100000,99780,206,-0.9019954763997298,-0.9173632924615879,0.016752159355124398
Rosalin,4,3,5000,4800,10,-0.5107079897863587,-0.9173632924615879,0.443287088132815
Rosalin,4,3,10000,9600,20,-0.6275309333620558,-0.9173632924615879,0.31594065457079323
Rosalin,4,3,20000,19680,41,-0.7519422171382346,-0.9173632924615879,0.18032231797663717
Rosalin,4,3,50000,49920,104,-0.8906137984045438,-0.9173632924615879,0.029159106623142042
Rosalin,4,3,100000,100000,198,-0.9060819929000179,-0.9173632924615879,0.012297526677025127
Rosalin,4,4,5000,4800,10,0.00765168460373848,-0.9173632924615879,1.0083409535421963
Rosalin,4,4,10000,9600,20,-0.23890861464120017,-0.9173632924615879,0.7395703353247004
Rosalin,4,4,20000,19680,41,-0.5554587327452573,-0.9173632924615879,0.3945051678983377
Rosalin,4,4,50000,49920,104,-0.8271242765787378,-0.9173632924615879,0.09836780763345032
Rosalin,4,4,100000,99840,208,-0.8908879487936052,-0.9173632924615879,0.028860260581105864
Rosalin,4,5,5000,4800,10,-0.10368320953058138,-0.9173632924615879,0.8869769366372124
Rosalin,4,5,10000,9600,20,-0.23807668852000136,-0.9173632924615879,0.740477201915107
Rosalin,4,5,20000,19680,41,-0.4888812867026424,-0.9173632924615879,0.46707995543312736
Rosalin,4,5,50000,49920,104,-0.7726226124214228,-0.9173632924615879,0.15777901866094743
Rosalin,4,5,100000,99620,204,-0.9060937225833039,-0.9173632924615879,0.012284740375913683
Rosalin,4,6,5000,4800,10,-0.48921065964804195,-0.9173632924615879,0.46672091234942636
Rosalin,4,6,10000,9600,20,-0.5622445002363667,-0.9173632924615879,0.3871081338695387
Rosalin,4,6,20000,19680,41,-0.7315057784776082,-0.9173632924615879,0.20259968489175398
Rosalin,4,6,50000,49920,104,-0.8824502025314286,-0.9173632924615879,0.038058084749037616
Rosalin,4,6,100000,99840,208,-0.9035350477016457,-0.9173632924615879,0.01507390242619848
Rosalin,4,7,5000,4800,10,-0.15980789121145564,-0.9173632924615879,0.8257965055669074
Rosalin,4,7,10000,9600,20,-0.42772380318392894,-0.9173632924615879,0.5337465465440577
Rosalin,4,7,20000,19680,41,-0.5802848282858535,-0.9173632924615879,0.3674427208344492
Rosalin,4,7,50000,49920,104,-0.7015624331719779,-0.9173632924615879,0.2352403470500168
Rosalin,4,7,100000,99848,205,-0.8298404459156374,-0.9173632924615879,0.09540696392058354
Rosalin,4,8,5000,4800,10,-0.023964277718321013,-0.9173632924615879,0.9738770038922999
Rosalin,4,8,10000,9600,20,-0.1774404069980982,-0.9173632924615879,0.8065756407998763
Rosalin,4,8,20000,19680,41,-0.5433310608050047,-0.9173632924615879,0.40772530875192475
Rosalin,4,8,50000,49920,104,-0.8700936402522792,-0.9173632924615879,0.05152773453848217
Rosalin,4,8,100000,99876,171,-0.9053506037744892,-0.9173632924615879,0.01309479983100774
Rosalin,4,9,5000,4800,10,-0.43258681541466737,-0.9173632924615879,0.5284454708734917
Rosalin,4,9,10000,9600,20,-0.7055879010569439,-0.9173632924615879,0.23085226228791086
Rosalin,4,9,20000,19680,41,-0.7909394404939836,-0.9173632924615879,0.1378121982931838
Rosalin,4,9,50000,49726,103,-0.879486244186381,-0.9173632924615879,0.04128903847195617
Rosalin,4,9,100000,99706,168,-0.9053405841120862,-0.9173632924615879,0.013105722071395305
Rosalin,5,0,5000,4800,8,-0.003969174967128386,-0.509782396398741,0.9922139818966528
Rosalin,5,0,10000,9600,16,-0.009182085721800572,-0.509782396398741,0.9819882251983089
Rosalin,5,0,20000,19800,33,-0.07822970857721089,-0.509782396398741,0.8465429384579587
Rosalin,5,0,50000,49800,83,-0.2950849890516736,-0.509782396398741,0.42115500429939456
Rosalin,5,0,100000,99600,166,-0.43941978865410297,-0.509782396398741,0.13802478908981763
Rosalin,5,1,5000,4800,8,0.031248394036904215,-0.509782396398741,1.0612975148958703
Rosalin,5,1,10000,9600,16,0.01784499533253646,-0.509782396398741,1.035005122692739
Rosalin,5,1,20000,19800,33,-0.03729224708507185,-0.509782396398741,0.926846734315434
Rosalin,5,1,50000,49800,83,-0.24514356984968,-0.509782396398741,0.5191211552586962
Rosalin,5,1,100000,99600,166,-0.4208141775447452,-0.509782396398741,0.17452195188083103
Rosalin,5,2,5000,4800,8,-0.05312160013344601,-0.509782396398741,0.8957955384322541
Rosalin,5,2,10000,9600,16,-0.21168438378326745,-0.509782396398741,0.5847554068585522
Rosalin,5,2,20000,19800,33,-0.3103011184913036,-0.509782396398741,0.3913067209002003
Rosalin,5,2,50000,49800,83,-0.397684457870093,-0.509782396398741,0.21989370233366667
Rosalin,5,2,100000,100000,145,-0.45377803197464767,-0.509782396398741,0.10985935336277856
Rosalin,5,3,5000,4800,8,0.06104966883815289,-0.509782396398741,1.1197563298957094
Rosalin,5,3,10000,9600,16,-0.0010610163978214543,-0.509782396398741,0.9979186876492465
Rosalin,5,3,20000,19800,33,-0.10267421722994122,-0.509782396398741,0.7985920699591369
Rosalin,5,3,50000,49800,83,-0.2588737686845338,-0.509782396398741,0.49218770496333847
Rosalin,5,3,100000,99660,157,-0.33116040821705695,-0.509782396398741,0.35038869416347934
Rosalin,5,4,5000,4800,8,-0.0002966249095460085,-0.509782396398741,0.999418134263479
Rosalin,5,4,10000,9600,16,-0.05364676726805252,-0.509782396398741,0.8947653594023064
Rosalin,5,4,20000,19800,33,-0.09709198585959405,-0.509782396398741,0.8095422938385445
Rosalin,5,4,50000,49800,83,-0.2937430498951222,-0.509782396398741,0.4237873807133925
Rosalin,5,4,100000,100000,160,-0.3823133403082505,-0.509782396398741,0.250046013732469
Rosalin,5,5,5000,4800,8,-0.12269673774404682,-0.509782396398741,0.7593154675194472
Rosalin,5,5,10000,9600,16,-0.16239102751122675,-0.509782396398741,0.6814503037797957
Rosalin,5,5,20000,19800,33,-0.24310443633707451,-0.509782396398741,0.5231211629620036
Rosalin,5,5,50000,49800,83,-0.40356493396837706,-0.509782396398741,0.20835843524750294
Rosalin,5,5,100000,100000,143,-0.4305823835774307,-0.509782396398741,0.15536043100115546
Rosalin,5,6,5000,4800,8,0.04186184884941038,-0.509782396398741,1.082117093774001
Rosalin,5,6,10000,9600,16,-0.004705259327474023,-0.509782396398741,0.9907700631471126
Rosalin,5,6,20000,19800,33,-0.07257969687108168,-0.509782396398741,0.8576261216868082
Rosalin,5,6,50000,49800,83,-0.23047907182315222,-0.509782396398741,0.547887346735927
Rosalin,5,6,100000,99480,162,-0.3380038308580213,-0.509782396398741,0.33696449064192113
Rosalin,5,7,5000,4800,8,-0.06439952651672964,-0.509782396398741,0.8736725179769493
Rosalin,5,7,10000,9600,16,-0.1059324832103516,-0.509782396398741,0.7922005860565389
Rosalin,5,7,20000,19800,33,-0.13225177069049343,-0.509782396398741,0.7405721115033386
Rosalin,5,7,50000,49560,81,-0.2215900627501221,-0.509782396398741,0.5653242161449626
Rosalin,5,7,100000,100000,132,-0.26546810261956094,-0.509782396398741,0.47925211914944704
Rosalin,5,8,5000,4800,8,0.05030048539853112,-0.509782396398741,1.09867050285351
Rosalin,5,8,10000,9600,16,-0.0006921572980456911,-0.509782396398741,0.9986422495108985
Rosalin,5,8,20000,19800,33,-0.1115610546631663,-0.509782396398741,0.7811594604849682
Rosalin,5,8,50000,49800,83,-0.32017959920466577,-0.509782396398741,0.3719288828596034
Rosalin,5,8,100000,99600,166,-0.4476511219920847,-0.509782396398741,0.12187803040193362
Rosalin,5,9,5000,4800,8,-0.04552802962720995,-0.509782396398741,0.9106912479739712
Rosalin,5,9,10000,9600,16,-0.07522779642455822,-0.509782396398741,0.8524315532352815
Rosalin,5,9,20000,19800,33,-0.13775452627578438,-0.509782396398741,0.7297777890156182
Rosalin,5,9,50000,49800,83,-0.2924636754217692,-0.509782396398741,0.426297028913077
Rosalin,5,9,100000,99900,156,-0.357551147047949,-0.509782396398741,0.2986200591197346
Rosalin,6,0,5000,4320,6,0.017322175955097757,-0.6884943015589988,1.0251595051925253
Rosalin,6,0,10000,9360,13,0.009228480394895908,-0.6884943015589988,1.013403858788663
Rosalin,6,0,20000,19440,27,-0.004914957677461642,-0.6884943015589988,0.9928612950516331
Rosalin,6,0,50000,49680,69,-0.09377621491001101,-0.6884943015589988,0.8637952199492895
Rosalin,6,0,100000,99360,138,-0.23244359252560662,-0.6884943015589988,0.6623885019828476
Rosalin,6,1,5000,4320,6,0.07708719847460721,-0.6884943015589988,1.1119649041394446
Rosalin,6,1,10000,9360,13,0.04212385294129907,-0.6884943015589988,1.0611825731105042
Rosalin,6,1,20000,19440,27,-0.038005012948458525,-0.6884943015589988,0.9447998148097937
Rosalin,6,1,50000,49680,69,-0.2037755501951476,-0.6884943015589988,0.7040272523189713
Rosalin,6,1,100000,99360,138,-0.4558243048139683,-0.6884943015589988,0.33794033765883313
Rosalin,6,2,5000,4320,6,-0.05636415620438207,-0.6884943015589988,0.9181341718054117
Rosalin,6,2,10000,9360,13,-0.05874900079798873,-0.6884943015589988,0.9146703165662231
Rosalin,6,2,20000,19440,27,-0.06417324996437909,-0.6884943015589988,0.9067918938195018
Rosalin,6,2,50000,49824,69,-0.17394015872424226,-0.6884943015589988,0.7473615128979584
Rosalin,6,2,100000,99504,138,-0.49308171039025916,-0.6884943015589988,0.2838260109433807
Rosalin,6,3,5000,4320,6,-0.05010263323201468,-0.6884943015589988,0.9272286885765586
Rosalin,6,3,10000,9360,13,-0.05629876736465698,-0.6884943015589988,0.9182291454886753
Rosalin,6,3,20000,19440,27,-0.1121210632446753,-0.6884943015589988,0.8371503395296187
Rosalin,6,3,50000,49680,69,-0.20786254009101668,-0.6884943015589988,0.6980911249078735
Rosalin,6,3,100000,99432,138,-0.36460263455509395,-0.6884943015589988,0.47043478249638027
Rosalin,6,4,5000,4320,6,-0.13259132968211101,-0.6884943015589988,0.8074184065403641
Rosalin,6,4,10000,9360,13,-0.17605577109762593,-0.6884943015589988,0.7442887026094881
Rosalin,6,4,20000,19440,27,-0.2330045843626567,-0.6884943015589988,0.661573692280313
Rosalin,6,4,50000,49680,69,-0.40858951852543984,-0.6884943015589988,0.4065462595692569
Rosalin,6,4,100000,100000,130,-0.5041792986322136,-0.6884943015589988,0.2677073760950959
Rosalin,6,5,5000,4320,6,-0.00541591951057396,-0.6884943015589988,0.9921336756189407
Rosalin,6,5,10000,9360,13,-0.02155457178672612,-0.6884943015589988,0.968693173294363
Rosalin,6,5,20000,19440,27,-0.04269931105654424,-0.6884943015589988,0.9379816057157515
Rosalin,6,5,50000,49680,69,-0.13317798296901928,-0.6884943015589988,0.8065663249972347
Rosalin,6,5,100000,99648,135,-0.31830918242088374,-0.6884943015589988,0.537673468465727
Rosalin,6,6,5000,4320,6,-0.030570165820465667,-0.6884943015589988,0.9555985202038073
Rosalin,6,6,10000,9360,13,-0.047665660921798345,-0.6884943015589988,0.9307682564490859
Rosalin,6,6,20000,19440,27,-0.13840998402980131,-0.6884943015589988,0.7989671320207135
Rosalin,6,6,50000,49680,69,-0.33115529194261645,-0.6884943015589988,0.5190152028959982
Rosalin,6,6,100000,99864,135,-0.43857584291865165,-0.6884943015589988,0.36299277724513024
Rosalin,6,7,5000,4320,6,0.031750987103072864,-0.6884943015589988,1.0461165575825062
Rosalin,6,7,10000,9360,13,-0.0036611869782912053,-0.6884943015589988,0.9946823278420737
Rosalin,6,7,20000,19440,27,-0.03941534203624076,-0.6884943015589988,0.9427513895946702
Rosalin,6,7,50000,49680,69,-0.3533361350180075,-0.6884943015589988,0.48679875168476
Rosalin,6,7,100000,99360,138,-0.5571251028794809,-0.6884943015589988,0.19080651558342715
Rosalin,6,8,5000,4320,6,-0.004496905464721607,-0.6884943015589988,0.9934684928335079
Rosalin,6,8,10000,9360,13,-0.02031564461093978,-0.6884943015589988,0.9704926466857635
Rosalin,6,8,20000,19440,27,-0.05748902726921973,-0.6884943015589988,0.9165003586245466
Rosalin,6,8,50000,49680,69,-0.22054521605169705,-0.6884943015589988,0.679670237571606
Rosalin,6,8,100000,99504,137,-0.5308015273225196,-0.6884943015589988,0.22904005723708393
Rosalin,6,9,5000,4320,6,-0.08164901038729747,-0.6884943015589988,0.8814093156582201
Rosalin,6,9,10000,9360,13,-0.08136702894072279,-0.6884943015589988,0.8818188781570471
Rosalin,6,9,20000,19440,27,-0.11223579017387791,-0.6884943015589988,0.8369837049925675
Rosalin,6,9,50000,49680,69,-0.26321316943427353,-0.6884943015589988,0.6176973885793038
Rosalin,6,9,100000,100000,134,-0.44269621205861703,-0.6884943015589988,0.35700816832297155
Rosalin,7,0,5000,4200,5,-0.01567398125756181,-0.5499388054378248,0.9714986811212872
Rosalin,7,0,10000,9240,11,-0.019730623244402414,-0.5499388054378248,0.9641221476838787
Rosalin,7,0,20000,19320,23,-0.0329808181983783,-0.5499388054378248,0.9400282033705166
Rosalin,7,0,50000,49560,59,-0.1008635902174281,-0.5499388054378248,0.8165912475713962
Rosalin,7,0,100000,99960,119,-0.20663004066078994,-0.5499388054378248,0.6242672118831752
Rosalin,7,1,5000,4200,5,-0.016624494679823736,-0.5499388054378248,0.9697702825924633
Rosalin,7,1,10000,9240,11,-0.025035576227524732,-0.5499388054378248,0.9544757053330815
Rosalin,7,1,20000,19320,23,-0.041173777119752654,-0.5499388054378248,0.9251302568347166
Rosalin,7,1,50000,49644,59,-0.1135255230749737,-0.5499388054378248,0.7935669897224433
Rosalin,7,1,100000,99624,98,-0.1471907056747913,-0.5499388054378248,0.7323507557216156
Rosalin,7,2,5000,4200,5,-0.05640603199506558,-0.5499388054378248,0.8974321662022763
Rosalin,7,2,10000,9240,11,-0.08014653708652197,-0.5499388054378248,0.8542628083451674
Rosalin,7,2,20000,19320,23,-0.13448268109517333,-0.5499388054378248,0.755458826026821
Rosalin,7,2,50000,49560,59,-0.18395752481841143,-0.5499388054378248,0.6654945550315245
Rosalin,7,2,100000,100000,111,-0.2847175523084107,-0.5499388054378248,0.4822741194236375
Rosalin,7,3,5000,4200,5,0.07476113735408671,-0.5499388054378248,1.1359444662112304
Rosalin,7,3,10000,9240,11,0.07063598807299915,-0.5499388054378248,1.1284433601967103
Rosalin,7,3,20000,19320,23,0.055819320987276204,-0.5499388054378248,1.1015009678082937
Rosalin,7,3,50000,49560,59,-0.03856925195193853,-0.5499388054378248,0.9298662840836769
Rosalin,7,3,100000,99960,118,-0.14650116633213195,-0.5499388054378248,0.7336046031239831
Rosalin,7,4,5000,4200,5,-0.03780536017525179,-0.5499388054378248,0.9312553327726096
Rosalin,7,4,10000,9240,11,-0.06301272834588324,-0.5499388054378248,0.8854186543615218
Rosalin,7,4,20000,19320,23,-0.08170241869820184,-0.5499388054378248,0.8514336179038033
Rosalin,7,4,50000,49728,59,-0.12483106568843137,-0.5499388054378248,0.7730091703766037
Rosalin,7,4,100000,99204,99,-0.17203911534735902,-0.5499388054378248,0.6871668017491639
Rosalin,7,5,5000,4200,5,-0.042478232760552036,-0.5499388054378248,0.9227582553903725
Rosalin,7,5,10000,9240,11,-0.06468547942475504,-0.5499388054378248,0.8823769503349436
Rosalin,7,5,20000,19320,23,-0.08151377933575377,-0.5499388054378248,0.8517766367280485
Rosalin,7,5,50000,49560,59,-0.15955531251952457,-0.5499388054378248,0.7098671507778084
Rosalin,7,5,100000,99540,110,-0.24876653358682133,-0.5499388054378248,0.5476468815675412
Rosalin,7,6,5000,4200,5,-0.023126270481930052,-0.5499388054378248,0.9579475566131064
Rosalin,7,6,10000,9240,11,-0.04683525403833472,-0.5499388054378248,0.9148355170153022
Rosalin,7,6,20000,19320,23,-0.08129555945477411,-0.5499388054378248,0.8521734442979487
Rosalin,7,6,50000,49560,59,-0.19117643421606142,-0.5499388054378248,0.6523678046980892
Rosalin,7,6,100000,99204,113,-0.23692247908869857,-0.5499388054378248,0.5691839223819155
Rosalin,7,7,5000,4200,5,-0.026872776890253865,-0.5499388054378248,0.9511349687919193
Rosalin,7,7,10000,9240,11,-0.027457649282262863,-0.5499388054378248,0.950071446112258
Rosalin,7,7,20000,19320,23,-0.035824536266780435,-0.5499388054378248,0.9348572315455003
Rosalin,7,7,50000,49812,59,-0.049299973250985535,-0.5499388054378248,0.9103537106974362
Rosalin,7,7,100000,100000,97,-0.08581777019160683,-0.5499388054378248,0.8439503280309808
Rosalin,7,8,5000,4200,5,-0.08055930094890021,-0.5499388054378248,0.8535122450855888
Rosalin,7,8,10000,9240,11,-0.09153828711140612,-0.5499388054378248,0.8335482308099182
Rosalin,7,8,20000,19320,23,-0.10146138710519234,-0.5499388054378248,0.8155042231936778
Rosalin,7,8,50000,49812,59,-0.14378420824403368,-0.5499388054378248,0.7385450766116382
Rosalin,7,8,100000,99708,115,-0.2682947442629592,-0.5499388054378248,0.5121370930546342
Rosalin,7,9,5000,4200,5,0.047900019161154044,-0.5499388054378248,1.0871006349934138
Rosalin,7,9,10000,9240,11,0.0078102088793805206,-0.5499388054378248,1.0142019599310919
Rosalin,7,9,20000,19320,23,-0.017911598784824886,-0.5499388054378248,0.9674298329055634
Rosalin,7,9,50000,49560,59,-0.07852415152749137,-0.5499388054378248,0.8572129285094263
Rosalin,7,9,100000,99204,114,-0.10410462075747673,-0.5499388054378248,0.8106978090505987
